Region,Season,Rainfall_mm,Temperature_C,Humidity_pct,SoilMoisture_pct,Sunlight_hours,Soil_pH,SoilN_kg_ha,SoilP_kg_ha,SoilK_kg_ha,RecommendedCrop
East,Dry,120.72,29.22,55.34,25.33,7.55,6.3,60.0,13.9,60.3,Soybean
West,Inter-monsoon,57.34,27.82,80.55,36.49,5.47,7.46,63.1,30.4,75.4,Rice
North,Dry,47.72,27.61,70.72,8.49,6.02,5.84,35.9,52.5,71.5,Chili
Borneo,Dry,15.91,28.31,63.83,47.48,7.87,7.64,64.7,36.2,48.8,Rice
East,Inter-monsoon,111.56,33.1,55.94,33.8,6.62,5.68,36.1,22.4,40.5,Maize
North,Inter-monsoon,119.36,25.42,78.32,43.82,5.22,6.76,77.9,40.0,31.1,Soybean
South,Dry,86.46,26.77,66.77,24.88,7.69,6.26,105.2,45.4,39.9,Soybean
North,Wet,185.83,31.15,96.41,46.88,5.04,6.1,66.0,47.7,53.5,Rice
West,Dry,58.29,27.39,51.54,31.37,8.41,6.85,69.8,39.3,59.5,Wheat
South,Dry,15.03,21.14,60.88,11.63,8.95,5.8,69.9,28.6,28.2,Chili
Borneo,Wet,220.87,29.59,70.65,42.67,6.59,7.5,28.9,44.1,63.1,Rice
North,Inter-monsoon,185.61,22.79,68.03,42.0,6.19,5.73,63.8,33.9,59.3,Rice
North,Dry,55.65,29.66,63.85,28.01,8.64,5.0,32.6,43.8,41.1,Chili
Borneo,Dry,131.91,30.32,40.89,31.36,8.68,5.12,80.3,17.7,24.8,Rice
Borneo,Inter-monsoon,73.14,26.6,71.83,42.12,7.48,5.9,48.2,35.5,42.1,Maize
West,Dry,70.68,26.85,66.83,17.6,9.36,6.21,49.6,46.7,46.5,Maize
South,Dry,66.02,27.06,41.0,37.75,9.38,5.48,85.8,27.9,43.4,Rice
Borneo,Dry,99.27,27.44,55.32,15.04,9.25,7.17,76.3,13.8,50.7,Soybean
East,Wet,219.22,25.83,96.14,50.99,6.1,6.96,48.6,29.9,10.4,Rice
South,Inter-monsoon,125.55,22.98,79.72,21.78,7.89,6.64,59.4,50.4,30.7,Maize
North,Inter-monsoon,146.49,26.77,73.26,15.94,7.93,6.2,58.6,51.7,26.3,Soybean
East,Inter-monsoon,99.28,25.71,100.0,27.68,7.3,6.75,64.4,24.1,27.6,Soybean
South,Dry,62.19,22.96,62.31,18.13,8.89,5.29,67.8,17.7,43.5,Maize
Borneo,Inter-monsoon,100.51,32.48,79.21,44.26,6.26,8.15,99.6,32.6,10.6,Rice
South,Wet,257.6,27.69,93.04,39.17,4.85,5.75,61.6,41.3,36.6,Rice
North,Inter-monsoon,70.51,25.95,60.39,49.05,7.54,6.95,59.0,31.3,30.8,Maize
North,Inter-monsoon,137.97,25.14,82.88,24.38,5.39,6.98,60.8,40.9,68.1,Maize
North,Inter-monsoon,49.09,28.05,88.37,26.55,6.58,7.0,86.2,25.0,22.0,Soybean
South,Wet,180.12,24.79,73.93,48.54,4.38,6.05,30.6,34.8,34.8,Rice
Borneo,Wet,171.63,28.44,89.56,49.19,5.1,6.0,75.7,61.2,32.5,Rice
East,Wet,183.94,25.83,77.09,43.7,4.86,6.78,98.0,5.0,40.3,Rice
Borneo,Wet,284.55,27.79,85.77,34.97,5.26,6.68,62.4,27.5,47.9,Soybean
East,Wet,284.3,30.98,92.23,42.24,5.07,5.85,48.6,33.3,40.1,Rice
South,Dry,91.72,23.14,71.39,23.37,8.82,7.37,22.5,40.7,40.3,Soybean
South,Dry,43.71,21.48,42.21,12.18,10.42,6.13,39.1,19.4,29.0,Chili
Borneo,Wet,307.04,28.27,95.59,39.15,5.65,6.67,65.1,23.7,26.1,Rice
Borneo,Wet,189.56,23.17,83.95,56.35,3.63,6.54,56.5,37.0,51.7,Rice
East,Inter-monsoon,160.77,24.63,80.69,11.7,7.29,7.05,46.7,32.8,23.8,Soybean
West,Wet,199.89,30.89,90.95,45.95,4.76,5.92,73.2,50.4,47.2,Rice
Borneo,Dry,79.05,32.46,54.45,36.73,9.2,6.28,81.6,30.5,56.5,Rice
North,Inter-monsoon,131.17,20.66,63.6,12.57,7.46,5.48,82.5,52.1,40.7,Wheat
West,Dry,88.68,28.9,55.41,23.69,8.71,6.25,74.6,44.6,24.2,Chili
East,Dry,62.87,27.57,59.21,36.97,9.22,5.57,48.6,18.3,41.9,Rice
West,Wet,254.35,28.87,87.85,44.82,5.35,6.28,86.1,28.0,47.7,Rice
North,Inter-monsoon,73.28,27.06,64.46,54.44,6.74,5.4,67.3,36.4,34.6,Rice
North,Inter-monsoon,41.56,26.13,75.49,22.61,7.47,5.83,39.5,46.9,50.3,Chili
Borneo,Wet,181.42,23.98,81.46,55.06,5.39,5.65,65.4,16.3,50.6,Rice
East,Inter-monsoon,157.91,28.57,72.05,51.85,8.29,5.89,42.7,49.7,77.5,Rice
East,Inter-monsoon,36.98,28.32,70.05,12.03,7.87,5.43,51.8,50.9,43.7,Chili
West,Inter-monsoon,173.35,29.34,68.4,28.66,7.15,6.49,27.1,45.8,31.9,Soybean
West,Dry,133.7,23.77,61.6,22.39,7.3,7.34,54.6,28.5,37.4,Soybean
North,Wet,259.51,23.24,97.87,44.37,4.21,6.43,54.6,33.7,45.2,Rice
West,Inter-monsoon,132.67,25.7,66.5,48.99,6.27,5.21,60.2,22.4,37.2,Rice
North,Dry,54.78,24.77,66.46,25.21,9.51,6.37,50.7,16.9,51.6,Tomato
East,Inter-monsoon,123.61,29.02,73.55,29.38,7.23,5.77,75.2,44.5,57.2,Soybean
Borneo,Inter-monsoon,113.01,24.61,83.56,34.99,5.57,5.79,62.1,35.7,42.0,Maize
West,Wet,253.26,24.74,81.35,52.93,5.51,7.39,97.9,14.5,55.5,Rice
West,Inter-monsoon,127.04,26.45,55.75,39.15,7.93,7.77,73.7,30.6,51.8,Maize
East,Dry,69.43,26.28,53.6,17.75,7.39,6.08,50.1,51.7,49.8,Maize
West,Wet,315.17,21.78,75.26,36.05,5.99,6.03,46.6,25.9,55.4,Rice
South,Inter-monsoon,111.61,26.59,69.57,26.27,7.78,6.83,70.9,31.7,22.6,Maize
North,Wet,216.69,26.42,75.13,41.21,5.33,6.84,97.7,50.9,40.4,Rice
North,Dry,75.81,23.77,61.58,23.68,10.57,7.03,41.8,24.1,36.2,Soybean
East,Dry,92.1,22.77,64.55,23.81,8.34,7.56,49.2,27.5,60.3,Maize
South,Wet,249.82,30.45,88.01,54.32,6.63,6.42,73.8,21.3,54.7,Rice
West,Wet,237.68,30.2,77.41,45.57,6.56,7.01,57.0,30.9,39.1,Rice
North,Dry,63.98,31.07,55.67,37.5,7.7,6.33,71.1,29.1,35.6,Rice
West,Wet,312.7,28.28,79.65,35.2,4.47,5.79,57.7,36.9,26.3,Rice
Borneo,Wet,155.04,26.24,73.27,50.0,5.64,6.9,52.6,36.9,52.1,Maize
South,Wet,258.27,29.33,88.4,31.85,4.73,5.98,33.4,28.8,45.9,Rice
Borneo,Wet,136.0,29.8,89.89,33.14,6.42,5.47,60.8,29.3,28.0,Soybean
West,Wet,251.72,30.82,94.39,15.79,5.33,7.37,51.6,25.1,45.7,Rice
West,Dry,35.22,24.04,41.66,12.5,7.77,6.26,53.3,17.2,42.3,Chili
South,Dry,120.89,31.42,56.8,22.28,10.37,7.38,13.1,32.4,5.0,Wheat
South,Dry,100.99,28.39,65.54,28.57,8.63,5.53,74.3,43.6,42.8,Chili
South,Inter-monsoon,146.12,27.74,66.57,29.79,7.35,6.53,104.7,29.0,48.8,Soybean
South,Dry,107.87,24.08,59.07,34.59,10.16,7.02,69.3,25.4,42.6,Soybean
West,Inter-monsoon,29.61,24.94,61.28,16.46,5.26,6.69,61.9,32.0,34.8,Tomato
South,Wet,294.97,23.39,60.39,37.88,6.29,5.26,96.4,16.5,75.4,Rice
East,Dry,105.83,30.28,62.32,8.83,7.05,6.43,64.7,27.2,54.7,Wheat
South,Wet,154.76,27.08,84.06,35.77,5.66,6.36,61.7,28.5,51.7,Rice
Borneo,Wet,176.2,24.6,85.58,27.07,5.52,6.74,79.1,31.3,24.7,Soybean
Borneo,Inter-monsoon,172.18,25.99,70.41,46.95,7.08,7.6,67.1,21.0,67.4,Rice
East,Dry,115.9,26.67,56.32,20.19,10.73,6.91,52.6,34.5,52.7,Maize
Borneo,Inter-monsoon,169.6,29.17,92.58,36.78,6.19,6.64,76.5,17.1,37.3,Soybean
North,Wet,223.29,29.33,92.12,29.66,5.81,7.14,83.3,39.1,52.3,Soybean
Borneo,Wet,200.8,31.93,74.43,26.31,5.6,7.44,83.7,23.9,17.2,Rice
West,Wet,199.24,29.27,86.29,45.89,5.15,6.06,72.0,38.8,61.4,Rice
West,Dry,43.24,22.08,63.37,32.44,8.25,5.07,88.1,29.7,21.4,Chili
West,Inter-monsoon,211.74,24.14,67.68,30.98,5.84,7.14,72.6,40.4,53.7,Rice
West,Dry,54.55,27.07,45.05,22.31,9.5,7.0,45.4,25.4,40.1,Wheat
South,Dry,108.58,28.9,49.87,32.38,8.11,5.6,64.2,24.4,42.4,Chili
South,Wet,181.77,26.15,70.41,40.95,4.9,4.86,75.5,43.2,54.8,Rice
South,Dry,90.03,25.39,44.48,13.2,9.34,6.68,65.8,12.8,62.0,Maize
East,Inter-monsoon,259.05,25.43,77.18,47.0,6.93,5.47,55.2,35.2,48.8,Rice
North,Dry,105.65,27.23,40.39,16.22,8.31,8.41,111.6,16.8,28.9,Soybean
North,Inter-monsoon,10.0,28.38,59.65,40.14,5.7,6.38,92.6,37.0,40.5,Rice
South,Inter-monsoon,102.79,30.28,88.38,45.78,9.03,7.41,88.5,39.5,42.2,Rice
North,Wet,282.05,26.97,83.23,24.24,6.48,6.33,57.4,41.8,66.6,Rice
Borneo,Dry,47.07,26.57,65.11,26.98,10.46,5.91,46.6,38.5,57.6,Chili
North,Dry,76.43,26.23,54.34,10.13,9.52,5.59,46.5,20.9,65.1,Maize
Borneo,Wet,224.67,26.98,89.22,19.99,5.07,5.55,55.0,11.7,48.8,Rice
South,Inter-monsoon,84.47,28.89,76.78,33.41,5.48,7.05,51.9,42.7,34.2,Soybean
East,Wet,232.22,29.78,80.68,39.58,6.64,6.07,57.5,26.0,48.1,Rice
Borneo,Wet,214.63,33.91,87.95,28.61,5.61,6.06,90.5,42.8,57.5,Rice
West,Dry,48.63,26.87,63.18,32.63,9.09,5.18,36.2,21.2,50.6,Chili
North,Wet,151.19,28.46,93.14,44.71,3.5,5.21,71.9,13.4,50.8,Rice
West,Wet,218.69,28.84,100.0,58.64,5.89,5.79,64.5,32.0,59.2,Rice
West,Wet,161.29,26.44,83.25,33.59,4.6,5.15,68.9,37.3,42.4,Soybean
North,Dry,92.61,26.33,52.25,16.83,10.51,5.78,79.0,39.5,24.1,Chili
North,Inter-monsoon,93.41,23.84,89.93,37.65,6.17,6.46,19.4,8.9,31.7,Rice
East,Inter-monsoon,41.24,27.73,83.35,34.9,7.4,6.53,64.6,39.2,36.2,Chili
East,Wet,193.6,28.42,88.08,37.71,7.5,6.84,90.0,25.7,34.7,Rice
South,Inter-monsoon,178.42,26.33,63.84,42.0,8.02,5.92,66.2,41.5,5.0,Rice
North,Dry,79.85,24.47,52.5,22.7,8.92,5.3,37.6,8.3,77.2,Chili
Borneo,Wet,230.55,27.28,87.63,37.91,6.72,6.28,66.1,10.6,52.7,Rice
South,Inter-monsoon,98.05,27.09,76.98,43.27,6.69,6.14,51.9,35.3,34.0,Soybean
Borneo,Dry,40.27,23.52,59.3,16.31,8.84,7.21,66.3,35.9,28.7,Chili
Borneo,Wet,187.84,28.53,80.76,47.16,5.81,5.56,44.4,34.2,16.5,Rice
North,Inter-monsoon,222.53,28.03,78.43,16.51,6.42,5.9,54.1,32.8,48.0,Rice
East,Inter-monsoon,170.61,28.07,92.44,18.16,6.71,5.98,61.6,31.3,40.1,Soybean
East,Dry,60.36,25.36,51.06,34.7,8.52,5.32,51.8,36.6,67.1,Chili
East,Dry,81.11,29.4,65.71,8.3,7.09,7.54,65.0,36.1,41.4,Soybean
Borneo,Inter-monsoon,123.75,36.0,81.16,25.15,6.23,5.94,78.0,49.0,32.1,Maize
Borneo,Wet,280.91,29.95,79.59,50.69,6.84,6.14,43.8,43.2,66.7,Rice
South,Inter-monsoon,109.05,34.09,79.65,14.15,9.27,5.75,21.4,32.2,50.3,Rice
South,Dry,58.59,26.06,62.05,26.33,7.03,6.49,30.2,51.0,30.4,Wheat
West,Inter-monsoon,44.83,22.27,71.45,29.9,6.24,5.08,60.8,29.6,44.1,Chili
South,Dry,94.1,26.29,69.54,5.0,8.0,5.85,83.3,27.7,56.8,Maize
Borneo,Wet,162.22,23.83,90.15,51.08,4.24,8.03,45.6,23.6,51.5,Soybean
East,Inter-monsoon,118.82,26.84,71.8,33.97,7.45,6.44,42.9,36.2,35.7,Maize
North,Dry,66.57,26.59,53.15,16.33,9.44,7.35,32.3,45.1,59.9,Wheat
East,Wet,154.91,27.5,77.21,25.72,5.81,6.78,56.7,46.8,59.9,Soybean
East,Dry,111.89,27.23,79.81,28.54,8.25,6.25,70.2,25.4,52.8,Soybean
Borneo,Wet,115.41,22.39,82.2,27.31,5.09,5.57,72.7,57.6,40.8,Maize
West,Inter-monsoon,207.52,26.88,58.38,19.91,7.24,6.47,61.2,23.7,55.8,Rice
East,Wet,146.16,30.92,80.09,36.22,3.84,6.39,39.0,40.8,47.6,Rice
North,Dry,71.63,23.41,61.05,21.22,4.75,5.88,41.0,31.6,57.4,Maize
North,Dry,61.4,31.34,56.52,28.09,9.42,7.41,33.7,38.0,50.8,Wheat
West,Dry,76.22,26.07,47.79,28.3,8.7,5.98,34.0,28.5,55.6,Chili
East,Dry,107.6,29.96,58.78,27.65,9.29,6.88,86.2,41.6,38.7,Soybean
West,Inter-monsoon,134.88,29.49,80.64,35.74,8.03,7.02,60.8,36.4,42.3,Soybean
Borneo,Dry,93.49,26.63,56.9,27.65,6.71,6.47,62.9,47.5,52.7,Maize
West,Inter-monsoon,158.78,26.42,71.79,70.09,5.93,6.09,89.7,28.7,9.0,Rice
East,Inter-monsoon,179.79,28.17,70.28,41.89,7.88,6.41,19.9,43.7,38.5,Rice
North,Inter-monsoon,157.85,30.55,72.0,29.89,6.89,7.07,63.8,18.1,31.5,Soybean
North,Wet,169.32,26.96,80.65,67.82,4.72,6.32,92.3,43.2,44.0,Soybean
South,Wet,219.65,26.95,67.54,24.73,6.1,6.55,80.7,54.4,59.0,Maize
South,Wet,96.79,25.87,82.67,15.62,6.57,6.34,93.2,35.5,47.2,Soybean
East,Dry,37.83,30.12,66.13,39.1,8.92,7.0,87.5,5.0,68.7,Rice
West,Wet,268.46,29.21,86.04,63.33,5.38,6.38,74.0,37.5,54.1,Rice
West,Inter-monsoon,51.37,25.59,63.3,44.55,7.05,5.48,40.3,32.1,70.4,Rice
North,Inter-monsoon,129.7,27.18,96.84,24.52,6.31,5.45,52.6,48.1,63.3,Soybean
South,Dry,116.86,30.46,55.96,38.9,8.17,6.34,53.9,38.7,73.2,Rice
South,Dry,47.3,30.2,54.62,28.94,8.39,6.46,46.6,48.1,66.3,Chili
South,Inter-monsoon,119.2,26.5,87.77,29.41,6.59,6.81,89.5,20.9,41.9,Soybean
West,Inter-monsoon,209.97,26.04,72.19,42.51,7.0,6.59,58.5,17.9,68.9,Rice
South,Inter-monsoon,190.34,22.63,72.07,43.81,7.24,7.0,49.6,34.1,47.9,Soybean
Borneo,Wet,178.73,29.22,85.02,40.12,5.6,7.91,69.5,33.0,52.0,Rice
East,Dry,87.16,26.79,60.03,31.55,8.92,7.36,84.1,52.4,40.8,Soybean
Borneo,Inter-monsoon,147.04,30.72,53.78,19.03,7.18,6.33,29.5,55.1,61.7,Wheat
South,Dry,58.33,26.3,66.84,23.48,6.86,5.19,80.4,54.9,59.2,Chili
North,Inter-monsoon,67.66,24.12,70.07,31.76,7.92,4.96,84.3,46.8,50.9,Maize
North,Inter-monsoon,109.04,24.7,68.67,43.36,8.02,6.92,52.9,40.5,47.6,Soybean
South,Wet,139.68,32.65,82.71,65.5,5.21,5.49,70.0,31.4,51.6,Rice
South,Dry,95.1,26.63,41.39,28.12,7.68,6.87,23.1,19.9,34.9,Soybean
North,Wet,208.42,23.07,88.59,78.65,5.89,6.27,57.1,54.6,58.4,Rice
South,Wet,267.72,29.74,76.37,37.81,5.55,6.86,45.6,45.0,36.3,Rice
Borneo,Dry,120.72,28.38,64.86,38.59,10.07,5.8,37.7,19.9,58.6,Rice
Borneo,Wet,276.35,30.79,88.78,61.36,4.97,6.55,59.8,42.4,50.4,Rice
East,Inter-monsoon,184.15,30.38,86.14,51.81,6.95,6.55,66.4,15.9,30.7,Rice
West,Dry,143.02,26.92,72.86,34.73,9.27,7.0,72.7,28.9,50.2,Soybean
North,Inter-monsoon,147.69,28.69,62.17,47.05,5.81,6.34,45.9,31.3,62.1,Rice
East,Wet,334.18,28.81,88.07,51.8,4.77,6.3,46.6,30.2,51.5,Rice
Borneo,Inter-monsoon,152.98,27.51,77.37,33.11,6.44,6.64,51.5,35.8,62.3,Soybean
West,Inter-monsoon,138.82,29.08,74.11,16.19,7.72,6.36,40.4,24.9,74.2,Soybean
South,Inter-monsoon,101.8,29.26,79.71,32.56,6.37,6.94,52.4,24.4,53.5,Soybean
South,Inter-monsoon,98.12,22.66,74.86,14.75,6.43,6.21,56.1,42.6,55.9,Maize
Borneo,Dry,55.0,35.19,30.0,18.49,8.38,5.85,62.1,48.3,50.0,Chili
West,Dry,101.45,22.82,54.06,15.15,9.03,6.69,75.7,39.0,26.8,Soybean
Borneo,Dry,41.62,25.8,62.51,31.5,9.2,5.38,49.7,20.3,36.4,Chili
South,Dry,71.49,29.26,73.96,14.57,7.54,6.86,62.9,37.7,35.9,Soybean
South,Wet,257.09,27.9,92.88,18.26,7.42,5.76,79.6,35.3,57.5,Rice
Borneo,Inter-monsoon,184.36,24.65,69.05,20.36,7.47,4.73,69.7,43.4,63.9,Soybean
North,Inter-monsoon,108.24,26.2,61.59,32.39,8.17,6.37,86.8,49.8,33.4,Maize
North,Wet,292.2,27.22,87.2,39.72,4.59,6.4,44.7,48.8,5.0,Rice
Borneo,Inter-monsoon,212.69,25.57,75.1,54.61,7.42,6.61,34.8,38.9,35.0,Rice
Borneo,Wet,240.42,25.85,78.9,54.45,5.28,6.99,56.8,12.5,55.7,Rice
North,Inter-monsoon,259.8,27.03,57.0,37.33,8.1,6.0,47.3,51.7,38.6,Rice
North,Dry,73.15,27.72,70.94,30.06,8.43,7.18,47.8,33.8,22.7,Soybean
South,Wet,151.66,27.01,87.63,41.7,6.44,5.86,81.4,31.7,41.0,Rice
North,Dry,89.73,23.15,59.88,12.0,9.53,5.41,102.7,22.1,47.9,Maize
Borneo,Wet,347.75,28.48,91.0,35.96,2.59,5.87,84.3,28.0,46.7,Rice
Borneo,Dry,92.72,28.16,42.27,28.54,7.07,5.14,50.9,30.8,43.2,Soybean
North,Wet,122.19,33.91,84.47,54.84,3.31,5.9,41.3,37.5,30.9,Rice
East,Inter-monsoon,46.22,28.75,95.17,26.16,6.53,5.94,45.1,41.8,32.6,Chili
Borneo,Inter-monsoon,163.71,28.96,88.34,38.2,6.5,5.8,21.2,32.1,36.1,Rice
Borneo,Dry,38.18,23.96,60.2,21.1,9.69,6.39,46.0,36.8,42.1,Chili
East,Wet,181.11,27.86,77.41,30.15,5.57,6.09,76.0,24.8,35.6,Soybean
Borneo,Inter-monsoon,142.97,26.46,81.87,41.6,6.8,5.21,48.5,32.0,27.3,Rice
West,Inter-monsoon,216.01,23.22,76.42,35.4,7.31,6.72,51.5,34.4,34.8,Rice
South,Inter-monsoon,90.48,26.92,70.77,36.15,7.99,6.8,89.3,44.1,41.1,Maize
Borneo,Wet,154.89,25.72,79.95,44.06,5.58,6.46,72.4,33.6,55.2,Maize
Borneo,Dry,13.27,25.54,30.0,28.01,9.42,6.29,59.5,30.7,46.4,Tomato
West,Dry,59.59,24.49,50.29,33.28,8.93,5.21,65.2,39.5,35.3,Chili
West,Dry,66.34,26.91,55.75,33.29,7.65,6.9,52.6,45.9,34.8,Maize
West,Wet,224.3,32.71,88.48,42.17,4.62,6.87,40.4,41.3,64.4,Rice
East,Dry,98.79,23.74,64.76,5.0,7.63,6.58,38.6,26.3,54.0,Tomato
South,Wet,78.93,25.25,71.57,56.17,6.52,5.36,41.0,33.3,60.4,Rice
North,Dry,50.72,26.71,59.93,5.0,9.92,6.66,40.7,16.5,64.1,Chili
East,Dry,54.44,28.86,78.65,28.5,9.59,6.92,80.3,41.3,36.0,Wheat
South,Inter-monsoon,132.48,26.71,80.52,57.54,5.73,5.89,69.6,32.3,34.8,Rice
East,Dry,59.13,27.68,46.31,28.06,7.86,6.35,62.0,25.8,35.7,Chili
East,Dry,39.87,31.27,49.73,6.54,8.11,5.47,45.3,35.6,38.2,Rice
West,Dry,67.85,25.32,52.16,49.81,9.13,5.6,34.7,31.6,37.4,Maize
North,Wet,318.01,24.0,97.02,35.38,5.21,7.52,53.2,29.7,62.5,Rice
West,Dry,84.34,26.12,43.6,34.89,8.53,6.34,20.0,23.8,26.0,Soybean
South,Dry,56.05,30.49,55.9,28.68,8.21,6.42,24.7,39.6,42.2,Wheat
West,Inter-monsoon,204.11,26.46,71.26,28.75,6.9,5.56,67.1,37.5,34.1,Rice
West,Wet,230.6,24.04,96.79,41.66,5.4,6.01,67.6,55.4,49.8,Rice
West,Dry,35.71,30.28,41.16,5.0,6.66,6.07,56.0,49.7,23.5,Rice
East,Wet,281.44,29.46,92.01,39.63,3.97,6.31,41.2,29.4,59.3,Rice
North,Inter-monsoon,176.66,24.72,89.9,41.98,7.72,5.79,24.1,48.2,73.1,Rice
East,Dry,110.31,28.53,51.42,29.47,8.75,5.28,56.9,37.5,38.2,Soybean
East,Inter-monsoon,145.38,21.96,72.58,36.55,7.01,6.88,48.1,42.5,21.4,Wheat
West,Wet,128.43,24.83,79.01,45.26,4.75,5.14,31.2,23.6,66.7,Rice
North,Wet,143.26,22.89,71.36,61.79,6.3,6.73,25.0,41.9,52.4,Maize
East,Inter-monsoon,175.05,31.3,89.74,38.44,5.97,5.81,78.7,31.4,37.9,Rice
Borneo,Wet,321.26,25.51,87.84,31.76,3.8,5.02,20.1,24.1,50.3,Rice
Borneo,Dry,76.4,23.14,66.11,35.17,6.07,7.67,53.0,46.2,44.5,Maize
North,Dry,67.22,26.42,69.5,17.54,9.84,5.4,51.6,36.6,58.8,Maize
North,Dry,62.93,21.96,68.23,36.48,9.08,6.16,53.3,35.6,62.2,Wheat
East,Wet,200.34,27.1,88.67,61.48,7.48,6.99,77.2,42.1,46.5,Rice
North,Dry,86.78,20.13,70.26,18.38,8.42,6.5,88.8,64.5,49.6,Wheat
East,Dry,39.84,30.94,37.34,26.87,9.83,5.94,72.1,27.9,56.1,Chili
West,Inter-monsoon,138.15,23.5,52.48,49.94,6.61,6.26,101.5,35.5,59.5,Soybean
East,Wet,241.69,27.25,93.83,51.48,6.3,5.57,67.7,42.0,44.7,Rice
South,Inter-monsoon,195.56,24.17,80.2,38.33,6.65,5.93,74.8,43.3,63.2,Rice
Borneo,Inter-monsoon,122.2,27.05,76.07,28.35,9.31,6.31,100.1,38.3,34.9,Soybean
West,Inter-monsoon,187.36,23.92,76.3,30.69,7.04,6.05,44.8,57.4,43.0,Rice
East,Dry,87.32,26.58,65.03,26.43,7.99,5.86,63.9,50.6,31.0,Maize
East,Dry,1.01,26.17,58.53,29.8,6.56,6.62,57.8,56.5,36.4,Maize
South,Wet,206.34,28.07,82.14,51.14,5.08,6.18,66.8,29.9,40.1,Rice
North,Wet,216.94,27.21,56.73,27.45,7.17,7.14,56.0,30.8,38.7,Rice
North,Inter-monsoon,99.16,22.34,85.0,45.85,7.01,6.91,67.0,22.7,42.4,Soybean
North,Wet,201.52,25.93,63.53,37.11,7.89,6.45,67.7,44.3,48.5,Rice
North,Inter-monsoon,109.08,27.43,71.35,30.85,6.86,5.78,89.6,51.5,46.1,Soybean
South,Dry,80.05,28.01,64.65,16.29,10.89,6.49,53.2,67.6,50.3,Soybean
East,Dry,27.87,24.1,67.4,33.69,8.15,7.08,65.9,45.4,44.1,Soybean
West,Dry,72.12,27.22,67.21,19.2,7.32,5.4,64.5,35.0,38.6,Soybean
East,Inter-monsoon,158.72,32.3,79.5,56.6,7.01,5.5,73.4,28.6,68.0,Rice
West,Wet,193.97,26.17,91.87,35.33,7.6,6.2,67.9,22.9,65.1,Rice
Borneo,Dry,56.69,24.94,59.28,15.69,8.15,6.31,42.4,34.8,41.8,Chili
North,Inter-monsoon,139.69,22.92,70.37,39.87,8.74,6.48,31.3,22.1,37.8,Soybean
South,Dry,102.93,25.38,72.03,6.31,8.1,5.78,80.4,40.5,46.0,Maize
South,Wet,130.85,25.44,81.64,48.85,5.27,6.24,58.5,48.9,33.2,Maize
North,Dry,66.16,29.94,47.48,27.96,5.26,7.49,43.9,40.5,33.0,Soybean
South,Wet,183.8,28.46,81.06,40.31,7.12,6.32,34.9,27.8,24.9,Rice
East,Inter-monsoon,102.13,26.39,82.33,39.58,7.18,7.58,38.5,46.9,43.0,Maize
South,Wet,246.85,30.83,73.61,50.34,6.37,6.44,24.4,41.9,54.7,Rice
West,Inter-monsoon,106.95,31.65,70.77,30.55,6.38,5.99,81.7,28.3,62.5,Rice
South,Wet,185.5,25.58,89.5,36.96,5.31,5.43,53.5,32.4,23.6,Rice
East,Dry,63.34,25.08,42.35,29.58,8.99,6.2,84.5,40.4,39.2,Tomato
East,Dry,33.35,28.43,50.37,38.86,7.87,7.54,84.0,43.7,30.6,Chili
North,Dry,76.86,26.32,64.66,26.96,9.93,8.5,69.4,50.6,38.6,Maize
Borneo,Inter-monsoon,82.46,28.86,62.34,57.03,7.99,6.66,32.1,35.6,32.0,Soybean
South,Inter-monsoon,132.21,30.38,87.54,61.23,6.79,6.58,79.3,47.2,63.4,Wheat
West,Dry,44.77,25.71,60.25,21.13,10.59,6.06,108.5,33.5,34.4,Chili
West,Dry,29.04,26.25,58.85,38.58,9.36,6.14,53.3,38.3,61.2,Rice
West,Inter-monsoon,143.31,24.36,85.34,44.78,7.25,6.49,55.0,8.0,32.9,Rice
West,Inter-monsoon,106.54,26.71,80.16,43.1,6.4,5.89,75.5,33.1,52.1,Maize
West,Inter-monsoon,207.17,24.76,77.77,28.36,5.62,6.44,43.8,29.9,57.9,Rice
East,Inter-monsoon,190.9,26.64,74.37,45.92,5.8,5.56,88.3,30.7,26.1,Rice
South,Dry,66.07,26.74,34.99,27.03,8.21,6.61,74.5,37.0,66.8,Maize
East,Dry,119.25,29.91,69.34,19.3,7.4,5.5,74.4,22.3,48.0,Soybean
South,Wet,147.21,18.51,67.74,44.84,4.63,4.58,46.6,42.9,31.1,Maize
East,Dry,37.31,30.0,49.6,36.53,8.94,5.67,51.9,18.7,17.6,Rice
South,Dry,20.58,27.43,79.72,6.91,7.21,6.72,60.0,46.3,42.9,Soybean
North,Inter-monsoon,143.95,26.68,91.05,52.06,7.57,6.77,45.8,52.0,47.7,Soybean
East,Wet,232.02,22.12,95.2,27.55,5.3,6.08,100.0,46.0,51.7,Rice
South,Dry,70.72,25.46,66.12,17.01,7.23,7.08,17.7,41.1,55.1,Soybean
North,Inter-monsoon,190.73,21.56,80.18,25.56,5.39,6.46,14.5,26.7,52.2,Soybean
West,Inter-monsoon,121.46,28.17,74.88,14.71,6.04,6.14,40.7,56.9,44.1,Soybean
East,Inter-monsoon,182.17,26.93,70.2,25.59,7.9,6.52,83.7,30.6,36.3,Soybean
South,Inter-monsoon,109.15,24.96,83.6,29.73,7.92,7.17,51.9,30.7,16.3,Soybean
East,Dry,82.31,24.15,44.32,23.17,8.38,7.23,101.5,36.4,49.4,Soybean
West,Dry,116.38,35.13,56.46,22.12,7.35,6.55,50.6,51.8,39.6,Wheat
South,Wet,192.86,24.89,88.54,39.69,5.69,6.53,78.5,34.6,16.4,Rice
West,Dry,58.41,19.65,73.07,12.94,7.23,8.23,53.0,32.6,47.7,Wheat
East,Wet,257.12,31.13,89.22,31.08,4.79,6.8,61.4,45.0,65.3,Rice
East,Inter-monsoon,120.67,26.45,70.74,40.5,7.03,5.74,24.0,43.8,58.7,Maize
East,Dry,66.5,32.64,66.6,13.34,7.72,7.14,55.1,42.6,43.4,Wheat
North,Wet,242.45,27.56,92.71,55.56,5.34,6.78,39.8,34.6,14.1,Rice
South,Wet,285.55,29.42,94.39,52.79,5.81,7.21,29.7,33.1,60.8,Rice
South,Dry,105.55,22.19,56.41,27.05,5.45,6.63,93.6,7.9,37.6,Maize
East,Wet,278.9,33.1,88.08,17.66,5.46,6.68,98.9,51.0,43.9,Rice
North,Wet,232.98,29.68,96.51,33.49,5.68,7.58,53.4,70.9,52.2,Rice
East,Inter-monsoon,115.13,26.09,48.02,5.0,5.75,6.93,38.7,40.5,42.7,Maize
South,Dry,66.72,26.36,67.21,14.62,9.0,6.08,84.8,42.8,35.8,Chili
Borneo,Dry,75.36,20.61,63.08,33.29,8.55,6.13,73.8,41.2,53.0,Wheat
North,Wet,287.91,24.2,92.06,28.62,5.84,6.26,96.3,42.4,58.6,Rice
North,Dry,66.01,22.23,35.11,37.97,9.58,7.21,33.4,24.6,55.9,Wheat
West,Inter-monsoon,90.6,24.53,86.68,37.44,7.0,6.64,80.6,38.6,44.8,Maize
North,Wet,277.36,28.7,82.01,30.45,5.12,6.1,68.6,31.9,43.9,Rice
North,Wet,194.25,24.59,91.98,47.32,4.24,6.99,60.5,39.9,42.0,Rice
East,Inter-monsoon,168.05,18.66,75.45,32.14,6.13,6.41,47.3,38.0,53.9,Wheat
South,Dry,32.59,21.58,67.92,22.31,8.27,6.32,72.5,40.1,50.5,Chili
Borneo,Inter-monsoon,53.81,24.97,61.73,35.97,6.73,5.47,62.1,44.9,22.6,Rice
South,Inter-monsoon,115.67,24.29,70.19,22.32,6.23,6.39,73.8,30.9,56.2,Soybean
Borneo,Wet,238.38,28.92,91.1,46.2,5.17,6.17,46.5,47.3,56.1,Rice
East,Inter-monsoon,164.38,27.03,77.99,30.37,6.11,5.9,43.7,20.5,38.5,Soybean
West,Dry,65.0,19.86,79.63,5.0,7.12,6.6,74.6,28.8,44.6,Wheat
East,Inter-monsoon,112.65,29.33,79.58,34.28,7.44,6.82,39.3,41.9,34.7,Soybean
Borneo,Inter-monsoon,67.71,34.12,79.63,36.91,5.94,7.03,51.2,31.2,70.4,Wheat
South,Dry,62.94,21.77,78.56,29.58,10.75,6.56,77.8,53.7,32.6,Wheat
Borneo,Inter-monsoon,168.84,20.55,77.89,49.45,7.04,6.55,66.4,52.1,47.7,Soybean
West,Inter-monsoon,159.27,26.25,66.17,46.52,7.11,4.5,59.7,12.2,58.1,Maize
Borneo,Dry,64.04,31.84,68.7,37.95,8.24,5.64,70.0,53.9,32.0,Rice
Borneo,Inter-monsoon,183.92,20.45,79.11,14.9,5.94,6.04,40.0,25.4,56.8,Soybean
Borneo,Dry,158.57,21.73,67.14,28.67,8.86,5.48,70.4,38.6,45.7,Maize
Borneo,Inter-monsoon,257.47,32.13,76.11,6.78,6.27,5.51,59.2,50.5,74.4,Rice
South,Dry,68.27,28.44,70.72,5.62,8.95,7.27,52.3,30.5,46.6,Wheat
North,Dry,46.25,28.83,52.54,11.47,8.86,6.26,38.0,42.6,41.2,Chili
South,Inter-monsoon,136.79,29.72,72.83,41.44,8.37,6.96,54.2,32.9,39.3,Soybean
East,Dry,0.0,30.29,67.06,28.3,9.68,6.66,67.8,35.6,33.2,Tomato
West,Wet,258.53,25.93,84.83,45.18,4.33,5.6,67.8,54.6,71.5,Rice
Borneo,Dry,36.12,24.6,77.81,23.87,11.29,5.69,59.5,26.4,62.9,Chili
North,Inter-monsoon,91.75,26.81,86.8,61.52,6.64,7.34,33.7,31.7,44.4,Soybean
Borneo,Inter-monsoon,153.9,23.4,84.77,42.59,7.58,5.84,86.3,31.5,41.0,Maize
South,Wet,218.8,28.89,93.49,54.74,5.77,5.23,30.4,44.9,35.8,Rice
East,Dry,60.1,27.87,71.57,22.5,8.87,5.1,95.0,40.1,37.0,Chili
West,Dry,78.13,28.33,53.38,27.67,8.98,6.57,61.8,25.2,15.2,Soybean
Borneo,Inter-monsoon,158.75,30.74,65.28,38.81,7.79,7.07,54.5,34.0,73.1,Rice
North,Inter-monsoon,127.05,28.65,90.11,40.26,6.18,6.29,59.5,41.3,52.3,Soybean
Borneo,Dry,114.63,21.41,61.92,34.69,9.08,6.18,104.2,37.9,72.7,Wheat
West,Wet,129.44,27.82,85.88,58.5,6.04,6.55,70.7,12.4,67.7,Soybean
North,Wet,146.47,23.36,74.78,56.03,5.65,5.52,59.3,29.4,34.5,Rice
South,Inter-monsoon,48.23,28.11,91.38,37.87,8.13,6.41,75.1,55.5,49.4,Rice
South,Dry,15.03,27.1,51.63,18.66,9.01,6.45,57.8,39.7,51.1,Soybean
West,Wet,169.39,27.97,84.92,61.65,3.55,4.5,65.0,63.9,21.9,Soybean
West,Dry,50.83,30.36,68.41,28.95,7.05,5.53,45.8,29.4,34.3,Rice
West,Inter-monsoon,137.89,25.89,58.77,39.16,8.71,6.66,44.0,45.4,46.5,Soybean
East,Dry,79.7,26.22,58.01,10.92,9.12,6.14,55.9,33.7,45.9,Chili
Borneo,Inter-monsoon,78.05,32.15,90.22,28.06,4.91,6.07,12.3,17.1,37.7,Wheat
South,Dry,127.19,28.42,77.45,15.4,7.88,7.29,65.4,56.2,41.5,Soybean
Borneo,Dry,91.05,24.34,58.72,18.07,7.77,6.03,79.3,45.4,33.4,Tomato
East,Wet,232.21,28.27,83.84,31.96,5.47,6.8,71.8,49.4,52.8,Soybean
East,Inter-monsoon,109.01,25.23,84.8,27.38,5.69,8.26,50.6,35.1,45.4,Maize
Borneo,Dry,13.15,31.61,60.22,20.58,7.86,6.04,83.8,14.6,56.4,Rice
North,Wet,311.63,24.28,91.39,46.2,5.4,6.62,55.2,40.3,59.3,Rice
North,Wet,213.83,25.05,84.17,38.34,5.18,6.22,29.8,15.5,35.4,Rice
East,Inter-monsoon,17.54,28.37,79.49,52.0,6.92,5.48,64.3,22.3,18.5,Rice
North,Inter-monsoon,147.73,26.33,71.35,31.14,8.07,5.9,41.9,38.4,42.7,Maize
South,Inter-monsoon,211.69,25.56,80.89,44.62,6.97,5.81,45.6,44.5,76.9,Rice
West,Wet,255.34,21.97,97.49,45.58,6.24,6.42,43.7,24.7,5.0,Rice
Borneo,Wet,220.77,29.94,89.42,48.06,3.57,6.42,65.2,23.5,47.6,Rice
West,Wet,263.34,26.35,88.7,32.07,5.21,7.68,42.5,19.5,29.9,Rice
West,Dry,56.39,24.3,65.82,22.6,10.2,5.32,43.0,48.4,70.2,Chili
Borneo,Dry,96.71,29.69,69.46,20.0,9.44,6.88,59.6,30.1,61.5,Soybean
East,Dry,71.11,21.49,72.66,13.2,8.0,6.55,30.3,33.3,47.7,Wheat
West,Dry,101.72,29.21,55.73,38.52,8.05,6.28,44.5,43.1,46.6,Rice
East,Wet,177.71,28.72,88.35,40.0,6.39,6.98,29.3,26.3,51.6,Soybean
North,Inter-monsoon,111.82,26.81,85.15,37.23,8.02,5.2,27.7,21.6,57.8,Rice
West,Wet,242.95,31.0,92.21,48.43,5.11,7.34,68.5,28.8,47.7,Rice
West,Dry,124.86,25.52,58.03,31.5,7.2,6.2,55.2,42.9,64.3,Soybean
South,Dry,77.09,29.02,56.27,13.91,7.32,6.95,31.4,46.9,56.9,Soybean
Borneo,Dry,61.6,26.62,57.69,22.57,5.62,6.27,64.8,49.1,56.1,Maize
South,Inter-monsoon,146.64,26.43,80.43,30.19,7.46,5.73,69.4,44.7,36.0,Maize
Borneo,Wet,167.48,32.2,84.1,60.93,6.25,6.28,67.7,47.6,29.9,Rice
East,Dry,107.93,25.34,56.22,21.73,8.73,6.82,58.2,12.9,51.6,Soybean
Borneo,Inter-monsoon,134.77,24.84,63.91,5.0,8.38,7.12,54.0,22.6,66.1,Soybean
Borneo,Wet,228.66,26.87,77.34,57.51,7.04,6.07,68.7,25.9,57.9,Rice
North,Inter-monsoon,127.44,25.4,94.48,24.73,7.0,6.46,93.7,34.0,21.8,Soybean
East,Dry,93.76,25.18,57.74,19.99,8.31,6.36,69.3,9.8,32.1,Maize
West,Wet,222.82,23.91,85.53,68.22,6.68,6.38,48.6,10.6,27.8,Rice
West,Dry,79.46,24.88,58.24,21.91,8.84,6.18,81.8,31.4,31.7,Maize
South,Dry,50.51,29.11,66.85,28.62,8.65,6.12,81.0,31.6,62.3,Chili
West,Inter-monsoon,176.51,24.09,78.33,34.02,6.95,6.57,73.0,26.7,52.3,Soybean
West,Wet,228.72,22.92,87.47,18.35,6.48,5.83,81.5,26.5,53.7,Rice
East,Inter-monsoon,156.34,24.41,77.03,42.68,7.71,6.17,38.7,29.5,58.3,Rice
South,Wet,134.58,25.86,73.65,38.41,6.21,4.51,74.8,48.8,37.9,Maize
East,Wet,284.7,24.64,76.02,46.16,5.65,6.69,87.1,33.3,48.5,Rice
East,Dry,32.41,30.56,53.9,31.86,9.33,6.31,77.2,23.3,41.4,Chili
East,Dry,46.45,30.75,61.55,25.55,9.84,5.91,75.7,14.3,55.0,Chili
East,Wet,262.2,22.21,93.9,12.69,5.52,5.53,51.8,67.8,73.1,Rice
West,Dry,12.75,31.03,76.16,20.95,8.37,5.91,46.9,38.4,50.7,Rice
South,Inter-monsoon,45.37,25.69,75.39,51.12,5.4,6.86,93.5,32.9,48.1,Rice
North,Inter-monsoon,191.99,25.68,65.03,40.41,4.93,6.86,63.9,19.8,18.5,Rice
East,Wet,190.85,31.66,93.15,31.54,5.85,7.27,23.0,51.5,44.2,Soybean
East,Dry,92.44,27.21,66.74,9.32,8.14,7.78,88.5,24.8,22.9,Chili
West,Wet,303.01,24.75,87.81,40.62,6.96,4.5,83.6,44.3,35.3,Rice
Borneo,Dry,47.99,31.4,67.52,33.09,8.83,7.41,46.1,30.1,23.5,Wheat
East,Wet,162.83,30.49,60.72,58.0,5.31,6.54,34.5,21.7,30.0,Rice
East,Dry,78.94,28.84,64.55,18.48,6.57,5.51,66.7,23.3,26.1,Chili
East,Dry,67.2,29.41,71.05,34.97,8.55,5.22,72.3,62.5,54.0,Chili
North,Inter-monsoon,191.05,25.81,64.93,17.91,6.94,6.67,96.3,28.7,74.8,Soybean
East,Inter-monsoon,159.01,25.67,71.12,11.69,5.55,5.34,43.3,28.2,53.4,Maize
South,Dry,51.09,24.35,62.68,20.11,7.68,7.4,65.2,29.4,47.7,Wheat
East,Wet,236.1,25.44,83.71,57.87,6.62,6.99,64.0,53.4,32.8,Rice
Borneo,Wet,257.89,27.12,79.53,43.66,4.82,6.28,16.6,20.7,37.2,Rice
South,Wet,161.51,25.06,75.62,35.76,5.18,5.96,68.7,44.1,28.7,Rice
West,Dry,32.87,29.15,71.99,20.03,7.94,7.46,67.4,43.8,28.7,Chili
West,Inter-monsoon,103.61,24.82,82.48,24.99,7.28,4.5,39.6,29.7,38.5,Maize
Borneo,Dry,87.65,27.07,67.91,30.36,8.14,6.37,71.8,31.3,40.5,Chili
North,Dry,87.53,24.28,50.11,14.63,7.68,5.55,62.5,30.0,29.4,Maize
West,Wet,268.76,25.77,89.82,40.84,5.71,5.62,52.8,44.8,29.9,Rice
Borneo,Dry,82.6,30.64,42.68,25.0,7.16,5.15,53.2,43.1,24.3,Rice
East,Wet,222.56,29.69,96.2,50.66,4.47,5.86,31.5,44.6,58.1,Rice
North,Inter-monsoon,175.29,23.1,90.37,20.16,8.58,6.92,88.9,53.9,39.3,Soybean
South,Dry,25.26,27.35,50.97,16.66,7.58,5.03,62.0,9.8,38.8,Rice
West,Wet,188.62,22.26,86.46,23.23,6.1,6.8,70.2,35.6,50.5,Soybean
East,Wet,148.15,29.5,85.39,48.67,5.3,7.68,35.6,45.0,25.0,Soybean
East,Wet,181.25,26.21,82.02,59.29,7.86,5.38,55.1,46.4,41.2,Rice
East,Wet,297.99,27.24,91.54,51.56,4.61,7.08,60.6,30.1,41.7,Rice
South,Wet,204.8,25.27,87.2,44.22,5.34,6.7,57.1,32.4,40.6,Rice
West,Inter-monsoon,165.2,29.4,88.19,18.63,6.48,6.7,77.3,56.4,36.9,Soybean
West,Dry,25.67,23.44,59.37,13.71,7.5,5.9,69.2,29.1,30.5,Maize
South,Inter-monsoon,154.68,29.33,96.92,30.05,8.55,6.1,58.5,28.5,40.2,Soybean
South,Dry,70.42,29.29,66.37,30.36,9.41,7.47,46.1,19.1,20.0,Soybean
South,Inter-monsoon,132.61,22.29,48.04,19.28,6.92,6.23,66.8,48.9,95.6,Maize
West,Inter-monsoon,171.83,20.23,80.03,25.82,5.92,7.1,82.7,22.4,48.1,Soybean
South,Wet,321.34,29.95,70.65,49.42,5.92,6.79,14.7,35.3,49.0,Rice
East,Wet,210.74,33.01,83.41,42.25,6.93,6.55,53.0,29.5,17.0,Rice
West,Dry,74.54,32.43,75.63,27.47,8.28,6.41,48.1,45.9,37.8,Wheat
Borneo,Dry,95.52,33.0,63.54,20.76,9.51,6.73,70.7,43.2,56.7,Wheat
South,Dry,116.78,30.11,62.32,17.4,7.58,5.61,32.8,11.0,73.5,Rice
South,Wet,175.29,24.69,90.07,64.19,5.44,5.61,78.1,37.7,46.6,Rice
Borneo,Dry,63.52,27.15,62.32,14.08,8.86,5.14,53.6,38.6,37.8,Chili
East,Dry,69.58,30.03,55.62,42.07,9.79,7.19,49.5,23.3,69.5,Wheat
East,Wet,361.43,24.03,84.36,54.7,6.23,6.78,50.9,43.2,41.9,Rice
Borneo,Dry,49.24,27.1,76.43,25.27,7.64,6.95,63.2,25.2,41.4,Soybean
North,Inter-monsoon,128.35,26.24,72.7,32.26,6.66,6.93,35.8,35.8,54.6,Maize
West,Wet,263.9,26.07,95.88,70.09,6.36,6.51,69.0,30.0,47.2,Rice
West,Inter-monsoon,132.68,28.64,73.2,26.48,6.8,5.46,80.5,31.2,23.9,Soybean
Borneo,Dry,29.21,31.98,60.87,19.33,7.62,6.41,34.6,52.5,45.5,Tomato
West,Wet,261.83,26.01,88.76,40.77,5.24,5.63,65.7,29.1,43.6,Rice
East,Dry,68.86,23.79,53.05,8.13,9.25,5.34,19.6,35.5,43.8,Maize
West,Wet,163.94,28.77,94.73,47.01,5.54,7.09,73.1,23.8,32.1,Soybean
Borneo,Wet,240.96,32.36,91.62,54.27,7.22,6.05,110.3,53.0,49.7,Rice
South,Inter-monsoon,10.0,28.05,81.39,12.63,6.67,5.87,75.4,25.5,30.9,Chili
Borneo,Inter-monsoon,151.94,24.84,83.16,33.8,7.72,8.13,92.0,23.0,56.4,Maize
South,Dry,40.16,27.31,54.72,21.29,8.0,6.21,51.8,38.2,50.5,Chili
East,Dry,54.21,28.49,37.91,39.96,10.13,5.26,14.0,38.9,32.9,Rice
West,Wet,195.23,26.81,82.19,60.14,5.75,6.67,62.8,41.5,73.8,Rice
West,Wet,159.94,28.44,77.64,47.48,7.68,5.83,48.6,38.0,61.6,Rice
East,Dry,124.7,30.68,79.03,29.8,6.93,6.61,53.3,47.6,37.3,Wheat
South,Dry,32.23,27.51,72.07,37.32,8.87,5.31,91.2,34.6,75.6,Rice
West,Inter-monsoon,150.07,30.85,75.36,22.83,7.05,6.64,59.0,39.2,39.7,Soybean
West,Inter-monsoon,160.28,25.0,74.19,30.13,6.34,6.64,60.6,25.7,51.3,Soybean
West,Dry,40.89,26.1,68.29,30.71,9.1,6.03,51.1,14.1,14.3,Chili
North,Wet,171.5,24.51,84.16,49.72,5.35,6.15,70.2,42.3,56.0,Soybean
Borneo,Wet,145.85,28.35,78.05,35.13,4.88,5.69,66.5,30.1,29.1,Rice
West,Dry,65.93,29.98,66.41,24.51,7.85,6.29,84.7,18.7,26.6,Chili
North,Dry,70.21,22.3,65.24,13.27,7.81,6.95,74.3,20.0,36.7,Maize
South,Dry,99.22,30.0,49.81,23.18,8.88,6.6,51.2,51.1,29.2,Soybean
Borneo,Inter-monsoon,137.07,26.2,88.42,29.83,4.27,5.19,52.5,33.4,53.3,Maize
North,Inter-monsoon,91.82,28.75,79.38,46.1,6.58,6.28,36.2,39.0,30.1,Rice
West,Dry,72.42,24.92,44.66,37.27,9.57,6.67,67.5,37.0,49.2,Tomato
Borneo,Dry,77.18,22.58,47.29,17.28,8.2,6.56,73.4,19.6,56.7,Soybean
North,Dry,98.25,29.89,57.63,28.88,7.52,5.98,59.5,31.5,41.4,Chili
South,Inter-monsoon,100.82,25.38,100.0,40.36,5.86,5.99,67.8,28.4,54.1,Rice
North,Inter-monsoon,53.81,25.99,70.8,42.72,6.02,6.91,41.6,21.8,31.0,Wheat
East,Dry,83.28,33.03,67.07,25.43,8.26,6.26,84.6,39.4,42.7,Wheat
East,Inter-monsoon,166.36,28.36,77.44,39.35,8.59,5.04,51.4,25.7,50.9,Rice
West,Inter-monsoon,98.04,23.89,65.48,51.22,6.56,7.82,67.4,35.6,41.9,Maize
North,Dry,59.85,23.6,67.16,46.62,8.42,5.71,18.0,50.0,53.7,Rice
North,Wet,163.83,22.9,93.1,35.39,5.67,6.61,91.4,38.1,25.5,Soybean
Borneo,Inter-monsoon,58.46,30.0,73.02,34.59,5.47,6.7,55.2,15.6,41.3,Wheat
South,Wet,224.74,23.71,96.92,29.52,3.87,7.48,51.0,14.0,34.2,Rice
East,Dry,26.33,27.29,65.56,33.39,6.39,5.65,52.4,53.1,35.5,Chili
Borneo,Dry,52.56,25.2,39.25,34.63,7.59,5.9,65.6,36.3,51.4,Chili
North,Inter-monsoon,46.21,29.28,63.04,48.95,8.54,7.06,76.6,54.7,53.9,Chili
East,Wet,216.43,29.46,78.72,70.83,3.56,6.89,43.9,32.3,45.1,Rice
East,Wet,168.45,26.7,74.92,45.18,5.68,6.6,37.7,35.9,34.5,Soybean
South,Wet,144.69,25.9,95.22,52.36,5.79,5.67,62.0,17.3,44.1,Maize
Borneo,Dry,85.15,29.78,59.75,41.0,9.25,5.81,61.4,28.8,74.6,Rice
Borneo,Dry,142.2,36.0,60.41,28.42,8.49,5.5,41.7,36.6,56.3,Maize
North,Wet,284.6,23.08,83.67,29.69,5.06,5.31,49.8,48.2,57.2,Rice
East,Dry,88.07,24.85,62.23,27.15,7.94,5.23,50.6,32.0,35.5,Maize
North,Dry,81.21,25.58,56.28,37.66,9.22,5.6,42.3,37.0,78.5,Chili
West,Inter-monsoon,121.91,25.35,80.74,35.3,6.54,6.63,63.6,50.5,48.0,Soybean
West,Dry,52.49,21.06,66.43,24.48,7.19,6.49,53.5,27.6,61.3,Wheat
East,Dry,33.48,30.19,70.98,37.83,7.65,6.09,42.5,24.4,47.3,Rice
West,Wet,329.35,28.57,97.25,50.02,6.09,6.33,5.0,8.9,53.3,Rice
South,Wet,184.41,24.29,99.21,41.85,7.29,6.39,66.3,48.9,76.9,Rice
North,Inter-monsoon,85.14,22.1,58.33,19.84,7.0,6.49,20.3,39.9,63.8,Maize
East,Inter-monsoon,56.61,22.68,71.6,41.91,5.02,7.09,41.1,61.0,50.5,Wheat
West,Wet,129.26,32.7,88.25,48.81,6.78,6.02,31.6,30.7,46.2,Rice
West,Dry,75.8,30.5,61.22,24.69,7.29,6.47,79.8,29.5,47.0,Wheat
North,Wet,202.2,20.87,82.55,38.67,6.1,5.57,90.9,67.8,56.7,Rice
Borneo,Dry,22.1,29.93,67.89,20.09,8.51,5.76,51.0,43.7,36.6,Chili
South,Wet,308.55,24.27,82.67,54.33,4.51,6.32,102.1,31.8,21.4,Rice
South,Wet,292.93,25.09,88.74,28.25,6.66,6.25,12.8,29.9,36.9,Rice
South,Dry,54.02,22.09,58.54,29.39,8.01,7.55,55.6,35.3,48.7,Chili
West,Dry,55.28,22.69,49.87,18.98,7.18,6.85,60.3,30.6,62.9,Wheat
East,Wet,342.16,26.36,82.51,27.69,6.83,5.8,67.0,42.6,35.3,Rice
North,Inter-monsoon,169.87,25.9,92.26,37.51,4.89,5.43,80.7,20.4,40.2,Rice
West,Inter-monsoon,49.4,17.29,72.08,44.01,6.3,6.17,74.3,41.0,52.9,Wheat
South,Dry,59.65,27.52,74.47,13.03,8.05,6.28,79.8,33.3,30.1,Chili
West,Wet,187.48,22.56,74.94,48.12,5.72,7.37,47.9,23.8,60.8,Soybean
North,Inter-monsoon,104.82,25.29,75.72,37.0,4.35,6.64,35.8,45.8,62.9,Soybean
South,Wet,242.6,27.97,77.2,62.6,6.86,4.52,48.1,28.3,38.5,Rice
North,Dry,47.52,23.0,65.47,27.99,4.84,6.02,42.5,34.6,31.3,Chili
North,Inter-monsoon,159.6,23.83,71.65,32.11,5.67,6.4,58.8,53.4,51.4,Maize
South,Wet,215.74,27.26,93.65,40.48,6.42,6.76,66.6,38.0,53.6,Rice
North,Inter-monsoon,49.5,24.54,65.99,39.75,8.16,6.06,39.1,31.2,36.8,Rice
North,Dry,65.02,26.57,51.77,24.34,6.4,6.98,56.8,40.7,67.7,Maize
West,Wet,324.51,30.03,82.99,49.93,6.96,5.3,67.9,44.3,61.9,Rice
East,Inter-monsoon,124.36,26.15,72.24,38.1,5.99,5.99,55.9,47.9,39.2,Maize
North,Dry,123.27,28.34,47.94,32.7,11.39,6.25,91.3,40.5,30.4,Soybean
South,Wet,256.28,29.5,100.0,64.08,4.8,7.61,70.9,36.1,29.1,Rice
South,Dry,52.65,28.68,56.21,30.96,7.45,6.97,56.9,23.3,43.6,Wheat
Borneo,Inter-monsoon,145.79,32.48,65.71,29.29,4.65,7.2,82.3,28.2,41.4,Soybean
West,Dry,84.91,31.51,56.01,25.04,6.08,6.53,49.9,21.7,42.1,Wheat
East,Inter-monsoon,168.13,25.27,80.1,43.46,8.26,6.65,97.7,45.4,32.6,Soybean
West,Wet,176.82,25.19,92.48,47.31,5.19,5.97,71.3,27.7,44.6,Rice
East,Wet,211.32,32.72,84.38,64.55,5.32,6.17,90.1,41.8,74.0,Rice
South,Dry,93.15,23.07,57.55,38.06,6.68,7.39,82.9,36.9,21.4,Soybean
North,Dry,68.99,28.96,45.04,18.12,7.18,6.5,81.1,44.4,18.6,Chili
East,Dry,107.31,30.8,65.58,23.66,8.57,6.86,82.5,22.9,69.8,Wheat
East,Wet,182.82,26.24,88.7,53.71,5.16,6.66,59.1,42.4,43.9,Rice
North,Inter-monsoon,109.68,29.46,66.87,29.1,8.0,5.87,30.9,39.8,51.9,Chili
South,Wet,209.37,28.83,91.67,47.83,5.5,6.11,64.4,45.1,39.3,Rice
East,Wet,219.32,30.29,67.17,21.24,4.09,6.76,84.0,5.0,53.1,Rice
West,Dry,78.77,30.31,47.83,38.73,10.21,6.56,77.5,58.4,43.9,Wheat
North,Inter-monsoon,145.15,30.87,78.24,26.04,6.59,6.8,42.3,28.0,36.8,Wheat
West,Dry,57.71,29.2,61.6,29.72,9.13,6.08,54.1,36.1,52.7,Chili
East,Inter-monsoon,91.3,28.03,80.24,11.71,6.36,6.33,64.0,5.0,61.7,Soybean
West,Dry,31.17,29.64,59.2,16.13,8.83,7.43,63.2,33.2,42.7,Chili
East,Wet,226.59,27.35,76.92,48.38,5.2,5.22,66.8,45.4,43.2,Rice
West,Dry,114.8,24.13,64.25,29.08,8.21,6.35,74.0,29.2,32.7,Maize
West,Dry,0.0,30.51,69.77,30.62,8.25,7.67,84.4,14.3,18.9,Chili
West,Dry,87.14,35.85,66.41,27.4,10.08,5.83,71.2,26.3,42.5,Rice
West,Dry,88.07,25.41,39.0,17.18,9.38,6.3,38.3,28.0,48.7,Tomato
West,Dry,56.32,21.87,63.5,37.69,9.66,7.1,65.1,12.4,34.3,Wheat
North,Wet,201.62,24.91,81.26,27.98,5.28,6.82,44.0,19.3,37.6,Maize
South,Inter-monsoon,138.51,24.23,78.89,47.57,7.61,6.34,61.0,33.7,37.9,Soybean
North,Inter-monsoon,183.63,25.97,63.55,33.35,8.16,5.62,93.9,22.0,39.5,Rice
East,Wet,164.2,33.59,64.39,41.59,7.14,7.1,52.0,41.1,36.9,Rice
East,Wet,131.15,31.52,91.78,57.14,6.27,5.89,55.2,23.8,49.6,Rice
Borneo,Dry,50.14,30.28,58.96,29.17,9.45,6.13,47.0,7.1,37.5,Wheat
East,Inter-monsoon,102.64,32.19,74.57,14.04,5.96,5.86,47.7,31.6,50.7,Maize
East,Wet,229.25,32.0,90.4,32.94,6.32,6.43,53.2,45.2,28.9,Rice
East,Dry,22.44,31.53,47.3,19.85,10.26,6.14,69.0,37.9,8.0,Rice
Borneo,Inter-monsoon,183.3,29.58,86.85,28.57,6.37,6.09,65.1,41.7,35.8,Rice
North,Dry,0.0,24.64,43.02,21.5,8.09,5.86,71.9,49.7,37.6,Chili
South,Dry,42.86,30.51,39.24,34.86,8.25,7.07,101.0,25.0,39.5,Wheat
West,Inter-monsoon,184.17,25.35,66.06,40.63,7.95,6.67,74.8,33.4,47.7,Rice
West,Wet,213.51,21.22,91.99,50.61,5.94,6.36,57.6,38.2,54.2,Rice
East,Wet,150.98,26.44,92.03,33.46,6.76,5.91,82.1,43.1,43.8,Maize
West,Dry,70.04,27.93,64.96,24.61,8.93,6.53,63.8,52.0,38.8,Soybean
West,Dry,29.05,32.91,53.01,19.97,9.65,6.22,60.6,39.3,29.2,Rice
North,Inter-monsoon,118.11,22.13,83.22,29.45,6.76,5.97,56.6,35.3,40.3,Maize
East,Inter-monsoon,145.72,30.49,60.89,21.87,6.53,5.85,38.8,40.3,27.5,Rice
South,Inter-monsoon,155.34,28.26,70.17,27.38,6.38,7.2,46.8,38.9,15.9,Soybean
South,Wet,98.42,23.52,85.46,34.15,6.47,6.12,77.5,45.3,38.6,Maize
East,Wet,207.01,27.82,79.19,41.71,6.18,6.95,35.3,22.0,48.9,Rice
East,Inter-monsoon,94.83,29.91,79.02,44.52,6.66,6.04,45.6,25.7,41.4,Soybean
North,Inter-monsoon,153.22,22.36,76.25,24.81,7.56,5.53,66.7,22.6,69.6,Maize
South,Wet,200.5,27.47,100.0,39.89,4.17,6.28,71.0,26.6,46.7,Rice
South,Dry,83.08,24.56,49.29,20.43,9.64,7.77,48.3,60.1,47.1,Maize
West,Dry,95.13,24.59,32.53,23.2,7.79,6.37,50.2,30.0,74.9,Maize
North,Wet,268.11,22.42,76.34,50.51,4.25,6.58,75.5,18.9,29.6,Rice
Borneo,Inter-monsoon,213.35,26.74,90.12,49.13,6.29,6.63,37.4,59.6,35.3,Rice
East,Dry,85.98,27.93,59.62,21.11,9.9,6.88,68.8,27.0,37.3,Soybean
West,Dry,51.22,27.65,62.25,32.44,6.7,5.93,69.5,37.0,58.9,Chili
North,Wet,159.64,28.04,91.7,53.67,6.33,6.89,36.7,52.9,56.7,Soybean
Borneo,Dry,23.38,27.21,50.88,20.41,9.33,5.79,67.4,31.3,41.8,Chili
South,Dry,128.23,25.73,61.69,32.34,8.82,5.54,52.3,46.1,43.5,Maize
West,Wet,206.6,28.25,82.38,43.61,6.56,5.05,34.8,35.2,22.1,Rice
West,Dry,56.92,28.55,73.14,23.48,7.42,6.56,47.4,5.0,5.0,Chili
South,Dry,11.57,22.59,65.17,35.09,7.23,5.93,44.1,44.7,44.2,Rice
West,Wet,315.34,26.18,96.38,53.22,6.21,6.63,70.7,33.7,59.4,Rice
Borneo,Inter-monsoon,151.66,25.86,69.63,30.2,6.48,5.29,69.6,27.7,49.7,Maize
South,Inter-monsoon,94.25,30.72,68.25,39.12,7.52,6.77,65.9,57.4,45.4,Wheat
Borneo,Inter-monsoon,234.85,26.01,75.48,24.1,5.88,6.28,46.9,41.7,67.0,Rice
North,Wet,186.7,24.85,75.47,50.94,4.55,6.68,58.2,39.8,44.8,Rice
East,Wet,217.71,27.21,78.56,64.49,6.04,5.85,83.0,40.1,60.5,Rice
Borneo,Wet,322.03,29.59,92.6,49.23,6.43,6.49,60.0,37.2,53.2,Rice
East,Wet,299.55,31.43,90.55,51.89,6.01,6.16,99.2,22.5,19.1,Rice
East,Dry,85.46,31.54,72.04,26.64,8.89,7.43,84.2,37.6,64.3,Wheat
West,Dry,113.13,21.47,46.66,17.78,7.13,6.83,51.2,42.8,68.5,Wheat
South,Dry,92.64,33.91,52.64,38.36,7.45,6.37,71.2,33.3,51.7,Rice
South,Dry,62.99,29.21,50.21,26.6,8.47,5.49,39.2,29.1,47.7,Chili
East,Inter-monsoon,123.28,28.88,73.08,33.83,6.71,5.36,65.5,40.2,34.4,Rice
South,Wet,238.08,27.85,94.46,52.27,7.13,5.29,57.5,36.6,41.0,Rice
North,Wet,247.08,18.86,89.43,54.31,4.62,5.5,60.3,35.4,39.1,Rice
East,Dry,111.36,28.74,67.23,34.7,8.75,5.77,21.8,21.6,21.8,Chili
Borneo,Inter-monsoon,198.87,27.82,84.06,53.64,5.23,6.99,99.0,30.3,66.5,Rice
South,Inter-monsoon,138.64,26.88,76.46,43.63,7.43,7.87,80.1,33.5,49.0,Maize
North,Inter-monsoon,153.81,26.0,69.46,24.18,7.32,8.02,61.6,24.7,43.4,Maize
West,Dry,92.25,26.74,51.06,16.57,7.3,5.92,41.9,55.6,38.0,Maize
North,Dry,108.91,32.07,66.21,21.45,11.94,7.36,92.0,35.8,33.0,Wheat
West,Dry,32.64,23.87,51.53,37.88,7.97,5.32,59.0,27.7,60.5,Rice
West,Wet,229.45,22.06,88.65,57.88,4.6,7.89,83.5,42.1,45.6,Rice
North,Wet,239.26,23.12,76.79,42.5,5.09,6.47,71.8,42.3,60.5,Rice
South,Dry,82.94,22.85,70.5,24.04,8.46,5.8,85.6,20.0,58.0,Maize
North,Dry,37.91,27.6,54.5,6.13,8.16,7.36,29.9,54.2,52.1,Chili
Borneo,Inter-monsoon,131.44,31.58,88.86,36.61,6.8,5.84,83.9,46.0,44.1,Rice
South,Dry,76.32,31.35,65.63,39.54,8.65,6.37,40.9,55.4,59.6,Rice
East,Inter-monsoon,117.79,31.12,76.24,11.45,6.58,6.42,32.5,63.4,54.4,Wheat
South,Wet,169.75,30.9,86.44,48.05,5.35,4.73,57.3,48.3,27.4,Rice
Borneo,Wet,259.61,29.56,85.5,53.4,4.65,5.38,31.3,19.8,57.4,Rice
North,Dry,60.35,27.34,56.35,21.23,9.48,7.0,51.2,52.8,30.1,Wheat
Borneo,Inter-monsoon,94.74,30.91,68.4,23.33,5.84,5.83,87.5,40.1,71.5,Rice
Borneo,Wet,251.54,30.16,87.83,78.42,4.12,7.16,11.0,41.9,52.0,Rice
South,Dry,66.69,28.26,56.78,43.1,8.42,6.89,68.1,33.9,41.8,Wheat
East,Wet,248.95,28.17,91.68,44.99,6.73,6.07,73.9,42.7,49.4,Rice
South,Dry,46.24,22.06,62.79,27.81,10.57,6.05,75.5,40.8,55.5,Chili
South,Wet,246.67,27.8,81.22,38.5,4.18,7.37,54.2,32.3,38.9,Rice
North,Inter-monsoon,127.92,23.17,68.49,50.66,6.2,7.01,53.6,33.6,33.4,Soybean
South,Dry,69.28,25.62,55.2,35.54,9.76,6.0,25.3,31.6,41.2,Rice
East,Wet,178.7,30.01,72.5,46.47,5.22,5.88,37.5,43.0,61.2,Rice
East,Dry,82.4,29.98,56.71,29.3,11.42,6.27,48.0,47.2,45.1,Soybean
Borneo,Wet,196.1,25.29,99.56,44.6,4.56,7.14,48.8,37.2,20.2,Rice
North,Dry,55.67,24.87,55.83,18.24,8.01,6.15,61.2,41.0,51.8,Tomato
North,Wet,344.65,26.69,67.84,52.32,6.96,7.55,72.7,30.0,53.5,Rice
Borneo,Wet,232.79,25.41,83.45,41.34,5.29,7.3,49.2,20.4,30.5,Rice
North,Wet,234.36,28.42,82.91,55.92,5.89,5.56,53.7,34.2,44.1,Rice
North,Wet,153.87,25.42,79.49,52.15,5.34,7.02,49.2,35.2,24.1,Soybean
Borneo,Dry,28.74,30.33,54.96,6.86,9.2,7.26,86.0,53.1,42.5,Wheat
Borneo,Dry,87.53,30.12,57.12,14.43,7.48,7.43,71.2,43.0,45.7,Wheat
South,Wet,100.3,32.76,84.53,49.46,6.55,6.62,26.6,32.2,20.5,Wheat
East,Wet,234.09,30.21,86.05,45.42,5.59,6.07,67.8,27.2,63.2,Rice
East,Inter-monsoon,195.46,30.64,89.59,12.75,5.2,7.03,69.1,26.0,38.3,Soybean
East,Wet,187.38,31.03,87.3,36.77,4.4,6.58,68.2,30.8,62.0,Rice
North,Wet,226.12,25.29,84.66,36.47,5.54,7.45,77.3,10.4,37.7,Rice
Borneo,Wet,197.13,30.64,85.86,33.22,5.7,6.44,47.2,47.4,40.2,Rice
West,Wet,168.0,28.24,85.15,48.83,5.74,5.17,51.0,9.2,55.4,Rice
North,Wet,150.52,20.59,78.5,26.92,5.84,6.5,74.7,38.5,46.1,Maize
South,Wet,319.76,27.99,96.83,42.2,5.7,7.48,92.4,25.9,33.5,Rice
West,Dry,50.03,29.33,66.01,14.33,10.44,6.41,83.5,32.3,50.2,Chili
North,Wet,163.85,24.85,87.14,36.56,5.5,6.71,59.6,32.3,64.2,Soybean
South,Wet,318.84,26.52,82.29,55.3,4.85,5.24,65.6,52.1,42.0,Rice
North,Dry,91.87,24.47,78.48,35.75,6.32,6.45,38.2,33.7,59.9,Soybean
West,Inter-monsoon,152.4,27.04,82.06,11.6,6.71,6.28,80.8,20.8,7.5,Soybean
East,Wet,240.0,28.45,91.01,34.62,7.56,6.72,67.0,59.2,49.4,Rice
South,Dry,132.81,25.04,65.82,47.21,8.14,5.49,58.1,43.4,76.8,Rice
North,Dry,52.34,25.2,72.57,20.01,9.96,5.94,81.7,18.9,36.4,Chili
Borneo,Dry,63.97,35.88,63.47,24.67,10.04,5.27,66.0,20.9,49.0,Rice
West,Dry,43.62,23.48,53.0,27.01,8.35,6.37,98.9,27.5,49.4,Chili
Borneo,Inter-monsoon,117.83,29.11,78.37,41.6,8.21,6.38,49.1,22.1,26.1,Soybean
East,Inter-monsoon,81.32,29.2,70.02,29.06,6.66,6.96,48.1,57.5,39.5,Soybean
Borneo,Dry,42.86,21.12,54.96,35.76,11.05,5.69,21.3,53.2,41.8,Chili
South,Wet,187.85,26.14,91.74,50.49,6.98,5.4,93.3,21.7,37.5,Rice
East,Dry,65.98,32.65,51.86,13.88,9.39,6.33,79.1,32.4,21.5,Wheat
Borneo,Dry,77.81,25.64,74.29,38.34,10.79,6.98,91.9,33.4,61.3,Soybean
North,Dry,73.4,29.12,47.05,26.86,8.67,7.16,108.2,37.2,67.0,Soybean
West,Wet,179.87,28.5,76.14,41.0,6.42,5.91,48.0,43.0,44.5,Rice
South,Wet,202.85,27.66,84.49,59.57,4.51,5.33,79.1,21.1,72.5,Rice
South,Dry,8.94,20.06,61.87,14.83,8.24,6.23,35.0,70.2,27.3,Wheat
West,Wet,170.97,26.58,69.87,32.27,5.6,7.76,58.6,29.5,36.8,Soybean
North,Inter-monsoon,133.3,25.99,58.2,36.81,8.4,6.84,10.1,39.7,29.6,Maize
West,Dry,127.08,27.84,56.12,26.6,8.62,6.15,36.7,28.7,32.7,Soybean
Borneo,Inter-monsoon,168.24,35.35,64.98,12.59,6.8,7.57,59.0,57.0,51.8,Soybean
South,Inter-monsoon,157.5,27.96,80.66,21.57,7.04,7.07,93.9,30.1,12.4,Soybean
South,Inter-monsoon,65.1,26.31,77.73,32.41,7.99,5.86,51.5,44.2,21.4,Chili
West,Inter-monsoon,76.54,31.58,56.46,38.45,5.41,6.24,91.3,44.3,41.5,Rice
South,Wet,191.17,26.52,100.0,43.63,4.88,8.13,100.6,23.7,32.8,Rice
South,Inter-monsoon,79.68,27.82,100.0,37.17,7.43,5.85,64.2,21.3,45.1,Rice
South,Dry,72.72,25.0,59.83,29.97,8.57,6.04,71.6,46.3,32.4,Maize
West,Inter-monsoon,83.01,30.26,80.76,31.7,6.07,6.55,105.8,46.2,45.1,Wheat
South,Wet,265.71,23.89,80.21,38.83,6.02,5.02,58.0,25.0,48.2,Rice
East,Dry,77.87,27.34,51.52,20.64,8.71,5.93,83.3,41.9,44.0,Chili
South,Dry,55.43,27.63,48.44,15.53,6.93,5.67,73.4,49.9,46.7,Chili
South,Dry,59.68,25.53,56.33,29.04,9.26,5.74,67.9,45.8,29.4,Chili
Borneo,Inter-monsoon,161.93,26.75,86.47,30.8,6.74,5.97,43.9,44.1,61.4,Soybean
North,Inter-monsoon,189.1,27.59,84.36,43.07,8.1,5.94,38.2,45.5,59.4,Rice
East,Dry,66.54,31.68,54.75,10.13,8.02,7.44,52.3,14.4,31.3,Wheat
West,Inter-monsoon,79.41,27.33,76.08,43.96,6.97,6.68,56.2,31.5,50.5,Soybean
West,Inter-monsoon,156.94,28.63,77.93,25.49,4.86,6.91,76.7,37.2,54.9,Soybean
East,Inter-monsoon,78.21,26.15,66.16,40.01,6.34,6.73,60.0,28.2,61.2,Soybean
West,Wet,236.54,26.24,90.51,55.47,5.29,6.38,53.0,52.4,32.6,Rice
Borneo,Dry,46.35,29.77,48.91,33.48,9.5,6.13,78.2,55.5,57.1,Chili
West,Wet,244.78,27.04,91.23,41.64,4.16,6.98,69.0,24.1,53.2,Rice
East,Wet,239.83,22.68,82.34,53.67,6.93,6.25,60.5,50.9,60.2,Rice
Borneo,Wet,214.05,26.21,88.36,35.55,5.33,6.5,80.3,16.2,33.3,Rice
South,Dry,105.72,26.87,59.75,7.3,8.84,5.85,57.0,49.9,51.8,Maize
North,Inter-monsoon,133.39,32.89,84.58,44.55,6.33,5.07,58.0,46.9,28.5,Rice
West,Wet,272.51,28.42,92.1,29.58,7.31,6.13,95.5,44.6,63.3,Rice
South,Wet,195.58,27.94,75.26,49.88,5.49,6.95,52.8,46.1,56.5,Rice
Borneo,Wet,248.46,23.74,64.08,33.69,5.22,6.78,61.4,14.3,13.4,Maize
South,Wet,240.71,28.19,90.66,39.48,7.19,5.52,35.1,29.4,61.6,Rice
West,Dry,14.43,29.1,64.39,19.5,10.91,6.88,36.1,38.2,36.3,Soybean
North,Dry,95.44,29.89,59.55,36.35,7.47,6.2,59.6,12.1,31.6,Rice
East,Wet,309.49,24.94,80.58,40.61,5.82,5.71,58.4,24.3,62.1,Rice
East,Dry,43.07,28.12,58.97,39.49,8.15,6.76,26.0,21.8,59.2,Chili
West,Inter-monsoon,80.47,22.35,87.53,34.37,7.55,5.74,67.9,39.2,79.5,Maize
Borneo,Inter-monsoon,154.56,29.99,81.9,30.05,7.06,6.25,36.2,27.2,55.0,Soybean
North,Dry,59.34,27.07,69.59,36.81,9.18,5.65,56.4,43.3,45.9,Rice
South,Dry,0.0,25.27,56.7,44.8,9.62,5.13,32.0,16.0,65.4,Rice
East,Inter-monsoon,148.46,33.98,57.64,10.59,7.08,6.64,60.1,39.3,45.1,Wheat
Borneo,Dry,15.2,25.75,75.23,35.39,9.41,6.68,35.2,49.6,54.8,Tomato
North,Inter-monsoon,57.57,27.2,81.51,27.41,6.26,7.27,102.5,48.2,61.9,Wheat
West,Inter-monsoon,78.41,27.29,84.52,46.33,7.18,5.36,47.5,24.4,54.5,Rice
South,Dry,73.53,24.73,65.76,30.22,10.24,6.48,58.8,48.4,32.9,Soybean
North,Inter-monsoon,149.12,32.42,59.72,55.63,5.22,6.67,53.6,33.1,52.6,Rice
North,Dry,99.18,25.36,80.93,26.18,10.23,4.99,58.1,22.4,37.9,Maize
South,Wet,254.8,25.64,91.43,44.29,5.11,6.07,34.9,7.4,37.9,Rice
East,Dry,84.42,25.58,55.24,23.17,7.75,6.73,52.4,41.3,45.5,Chili
South,Dry,86.94,27.58,85.78,38.41,7.03,6.13,56.6,36.7,51.4,Soybean
East,Inter-monsoon,106.32,27.51,52.97,36.22,5.38,6.76,55.0,39.9,26.9,Soybean
East,Dry,63.83,29.43,73.95,14.98,6.75,6.51,53.0,37.7,44.1,Wheat
East,Inter-monsoon,183.48,26.02,75.5,26.43,8.37,6.39,42.7,53.2,50.8,Soybean
East,Wet,338.07,28.86,99.52,50.88,4.39,5.49,62.6,37.2,59.8,Rice
South,Wet,341.41,27.96,90.07,29.35,7.26,5.9,71.4,34.7,67.7,Rice
Borneo,Wet,138.16,25.04,85.03,26.08,5.62,7.08,78.6,14.5,60.2,Soybean
South,Inter-monsoon,101.88,25.54,74.24,45.99,6.5,6.38,30.0,32.7,30.4,Soybean
East,Inter-monsoon,149.36,29.22,78.56,32.16,5.84,5.65,66.4,20.8,62.3,Soybean
Borneo,Dry,55.33,30.72,64.84,15.19,9.0,4.5,60.1,37.8,27.1,Wheat
East,Wet,196.42,29.42,85.51,58.25,5.26,6.06,50.4,46.7,50.7,Rice
North,Dry,82.32,24.55,67.45,21.99,7.22,6.53,59.0,14.6,46.0,Soybean
South,Wet,311.78,32.39,73.77,48.87,5.06,7.17,56.5,32.4,19.4,Rice
South,Inter-monsoon,198.7,29.94,83.71,21.71,6.93,5.85,51.8,47.0,21.8,Rice
East,Inter-monsoon,121.31,31.52,71.69,36.43,7.0,6.34,72.7,32.4,41.8,Rice
East,Wet,229.66,23.37,92.92,62.06,4.81,6.2,24.8,26.1,46.4,Rice
South,Wet,212.76,29.49,91.52,55.61,5.96,5.66,31.5,51.1,25.8,Rice
North,Inter-monsoon,270.66,24.28,68.73,34.14,6.81,5.97,74.1,45.7,48.3,Rice
North,Inter-monsoon,35.41,25.09,74.85,19.53,8.0,7.71,69.1,40.9,52.9,Chili
East,Wet,248.51,27.93,86.09,57.21,6.64,6.09,52.9,22.6,33.1,Rice
Borneo,Inter-monsoon,121.5,25.93,74.53,12.05,9.09,6.96,47.1,37.4,59.5,Maize
Borneo,Inter-monsoon,127.13,28.92,78.3,28.7,7.24,6.34,51.0,25.6,47.4,Soybean
North,Wet,147.61,26.17,100.0,53.25,5.99,5.21,57.8,37.6,44.7,Rice
Borneo,Inter-monsoon,259.24,22.65,80.38,28.57,7.13,6.3,22.7,29.7,43.8,Tomato
West,Inter-monsoon,74.52,25.51,80.9,13.67,7.46,5.6,39.3,14.2,31.7,Maize
East,Wet,156.6,28.48,66.71,49.34,7.52,5.91,50.0,5.0,9.4,Rice
West,Wet,112.98,27.0,89.13,57.3,6.18,6.68,53.2,42.0,71.0,Soybean
Borneo,Dry,71.15,21.1,53.76,27.45,9.42,5.83,45.5,47.2,55.6,Maize
East,Wet,253.88,25.69,83.14,41.95,6.82,5.76,69.7,29.0,27.3,Rice
North,Wet,223.83,26.2,84.4,30.48,4.73,5.64,53.9,29.4,55.9,Rice
South,Dry,37.16,26.63,70.8,13.11,8.08,7.07,51.0,39.7,41.7,Chili
Borneo,Inter-monsoon,222.75,24.51,73.78,40.69,8.5,5.53,68.7,40.3,33.6,Rice
North,Wet,207.93,25.86,75.49,38.24,4.76,6.8,82.0,49.0,43.0,Rice
Borneo,Wet,264.06,29.18,80.72,17.18,6.4,6.43,76.4,34.1,26.0,Rice
East,Inter-monsoon,156.82,26.62,75.27,28.74,7.47,6.73,73.2,48.5,35.3,Soybean
Borneo,Inter-monsoon,66.54,27.67,86.03,28.73,7.44,6.76,56.7,40.7,62.5,Wheat
East,Inter-monsoon,127.3,26.58,59.23,18.65,6.98,6.12,83.3,40.8,48.6,Maize
North,Inter-monsoon,128.9,24.19,95.04,27.94,5.98,6.38,18.2,37.7,51.2,Maize
North,Dry,54.62,22.48,57.9,39.45,9.82,6.84,29.0,15.5,36.3,Wheat
South,Wet,265.22,22.81,82.76,41.81,6.28,7.44,61.3,18.1,24.4,Rice
Borneo,Inter-monsoon,175.29,22.82,89.94,52.53,8.22,6.57,72.0,41.0,55.6,Soybean
West,Wet,198.68,26.64,91.94,50.72,5.48,4.98,37.2,30.3,48.9,Rice
Borneo,Wet,166.69,28.29,74.5,43.78,6.45,6.11,77.9,35.5,48.0,Soybean
North,Dry,51.51,23.55,67.17,18.96,7.51,5.71,45.8,51.9,45.7,Chili
West,Dry,70.03,28.48,59.9,23.52,7.81,5.4,47.0,13.6,47.7,Chili
Borneo,Inter-monsoon,163.78,25.37,90.56,39.37,6.42,5.62,55.8,42.5,53.6,Rice
North,Dry,57.05,26.16,72.13,38.15,6.04,6.79,96.7,24.6,79.5,Wheat
North,Dry,28.49,26.25,60.16,24.86,7.17,5.8,24.9,56.4,48.9,Maize
Borneo,Wet,135.25,26.87,84.21,51.02,6.5,6.43,48.8,29.4,65.0,Rice
East,Dry,104.8,28.66,53.48,45.58,8.7,6.48,44.2,47.2,47.8,Soybean
Borneo,Wet,206.42,24.23,84.72,39.52,4.44,7.24,49.4,44.5,22.7,Rice
Borneo,Dry,64.96,27.33,58.3,15.1,9.44,5.81,87.7,29.1,49.2,Chili
West,Inter-monsoon,25.82,28.0,65.19,34.12,6.2,5.42,92.8,42.6,54.5,Rice
East,Inter-monsoon,50.92,28.16,69.55,36.31,6.43,6.47,68.0,57.5,33.6,Rice
South,Dry,124.55,28.72,57.04,28.0,7.25,5.23,77.0,36.8,57.4,Soybean
East,Inter-monsoon,194.59,32.94,85.79,35.22,6.55,6.97,82.4,32.6,70.5,Rice
West,Dry,67.42,24.84,53.36,36.24,7.64,6.6,51.5,38.4,47.6,Tomato
South,Dry,76.03,29.57,59.49,21.77,4.82,5.14,69.0,33.5,33.1,Soybean
South,Inter-monsoon,95.46,22.05,80.73,40.85,5.65,5.25,40.1,42.5,61.9,Rice
South,Wet,220.73,25.62,89.35,39.87,3.99,6.65,45.3,42.2,46.6,Rice
North,Dry,135.6,26.12,49.38,29.8,8.08,6.84,34.3,41.9,31.8,Maize
South,Inter-monsoon,10.63,29.89,77.1,31.32,6.15,6.36,46.6,39.6,50.3,Soybean
East,Wet,118.3,32.88,78.81,31.01,5.63,6.92,90.5,37.8,14.1,Wheat
East,Dry,73.49,25.01,47.13,36.54,9.08,5.3,42.2,44.7,29.7,Rice
North,Inter-monsoon,139.85,29.8,91.38,27.91,6.86,5.33,33.4,15.8,15.2,Soybean
Borneo,Wet,145.42,30.33,77.15,56.8,5.35,5.54,43.5,42.8,70.0,Rice
Borneo,Inter-monsoon,93.04,30.18,86.18,40.26,6.64,5.81,65.7,37.4,62.0,Rice
Borneo,Wet,256.99,28.66,85.53,44.75,5.12,6.17,50.0,37.9,36.0,Rice
Borneo,Inter-monsoon,157.15,30.36,61.89,48.56,6.62,8.03,34.5,47.2,40.6,Rice
West,Dry,50.6,22.93,58.43,26.83,9.84,6.16,38.2,27.5,26.2,Tomato
South,Dry,0.0,29.03,67.1,27.93,9.59,6.45,79.2,43.9,77.3,Soybean
North,Dry,36.84,23.24,59.22,29.19,9.99,7.73,51.3,45.7,31.7,Chili
Borneo,Dry,53.67,30.69,44.61,28.21,8.51,6.73,49.7,38.3,41.3,Wheat
West,Dry,53.15,27.05,59.74,21.12,8.12,5.99,47.5,33.6,55.4,Chili
South,Dry,0.0,33.52,52.33,17.87,7.63,6.65,89.9,29.0,42.3,Wheat
North,Dry,113.62,25.35,44.92,34.38,8.39,5.83,62.3,41.9,28.8,Maize
North,Inter-monsoon,91.0,29.67,77.29,32.44,5.13,5.05,53.3,10.8,46.0,Soybean
Borneo,Inter-monsoon,155.68,30.59,67.62,37.03,7.93,5.57,42.4,24.5,47.0,Rice
South,Dry,66.35,26.68,50.86,33.99,7.61,7.79,58.2,35.2,49.0,Maize
West,Dry,98.57,28.83,48.03,24.51,9.6,6.11,47.0,44.9,17.7,Soybean
Borneo,Inter-monsoon,188.75,29.14,77.76,27.72,7.33,6.12,74.3,40.4,23.9,Rice
Borneo,Inter-monsoon,104.54,26.85,71.65,35.37,7.16,6.64,98.5,30.2,54.5,Soybean
West,Inter-monsoon,144.11,28.47,62.83,41.12,7.36,7.05,60.5,28.0,52.1,Soybean
South,Inter-monsoon,243.32,29.19,97.03,36.48,7.97,5.9,44.2,49.9,59.7,Rice
East,Dry,66.55,28.52,46.24,16.76,7.02,6.35,48.6,5.0,52.6,Chili
East,Inter-monsoon,121.11,28.26,84.85,13.78,7.91,6.64,39.4,39.2,70.0,Soybean
North,Inter-monsoon,95.11,17.35,83.62,19.77,6.92,6.8,50.6,54.7,45.4,Wheat
West,Inter-monsoon,190.77,30.81,88.02,45.86,7.32,5.81,70.0,46.5,34.0,Rice
Borneo,Dry,97.78,25.5,71.61,27.42,6.96,5.26,44.0,12.7,40.6,Maize
West,Wet,316.63,25.74,82.4,62.17,5.32,6.47,32.3,53.3,70.9,Rice
West,Dry,68.74,28.39,69.84,22.77,6.96,6.16,62.2,19.8,32.5,Chili
West,Dry,108.98,26.95,60.12,21.14,9.23,5.34,91.6,31.4,73.5,Maize
South,Dry,79.46,26.89,62.23,36.09,9.34,5.92,57.1,26.2,41.1,Chili
East,Dry,9.58,31.38,64.33,26.59,7.83,5.98,38.9,43.6,73.5,Rice
North,Dry,20.35,28.91,70.99,12.06,10.07,5.96,37.1,33.2,44.7,Chili
East,Inter-monsoon,86.34,30.53,73.79,33.11,5.73,7.38,81.6,43.7,40.0,Soybean
East,Inter-monsoon,61.39,28.23,86.53,31.98,7.66,5.29,36.3,51.8,23.4,Chili
North,Wet,182.09,24.55,87.2,18.74,5.24,5.02,82.2,36.2,41.6,Rice
Borneo,Inter-monsoon,135.73,31.79,63.95,41.62,5.67,7.52,83.2,46.7,42.1,Rice
West,Inter-monsoon,197.17,24.91,61.66,34.18,6.01,6.01,79.5,52.0,51.7,Soybean
Borneo,Wet,117.02,28.08,88.78,41.61,5.72,7.26,53.7,16.1,60.5,Soybean
East,Inter-monsoon,67.77,24.99,90.79,13.21,7.35,7.09,82.1,39.4,54.6,Wheat
South,Dry,76.29,28.93,51.55,25.85,7.2,5.79,68.7,42.9,41.6,Chili
Borneo,Dry,119.03,28.92,53.13,19.16,9.4,7.86,50.9,40.9,29.4,Soybean
South,Wet,220.56,23.5,75.89,37.91,5.24,6.54,102.4,26.4,53.3,Rice
South,Inter-monsoon,127.04,31.28,83.91,16.24,6.29,6.72,67.6,32.9,51.7,Wheat
South,Dry,58.27,21.38,63.67,34.56,8.29,5.88,93.8,23.8,53.7,Chili
East,Dry,49.35,23.5,61.51,31.82,7.8,6.46,47.5,56.6,25.3,Chili
West,Wet,251.22,27.64,84.18,18.01,3.51,6.98,38.2,12.8,21.0,Rice
Borneo,Dry,71.17,24.97,49.57,11.51,9.73,5.82,27.9,65.7,68.2,Maize
West,Inter-monsoon,70.72,29.5,74.34,18.68,6.55,6.37,63.4,24.2,35.0,Soybean
Borneo,Wet,265.91,21.48,77.24,41.24,4.81,6.58,28.2,33.3,79.6,Rice
West,Inter-monsoon,178.73,24.44,84.7,47.92,6.84,6.85,53.4,35.4,37.5,Soybean
North,Dry,45.33,25.21,52.94,38.74,9.52,7.18,66.0,25.8,47.0,Chili
West,Inter-monsoon,142.3,25.18,59.61,37.73,5.48,6.49,88.2,17.5,81.4,Maize
South,Inter-monsoon,10.0,25.37,53.85,19.9,7.18,5.99,38.7,40.4,49.5,Maize
East,Dry,99.57,23.92,44.17,26.29,9.0,6.47,65.4,48.8,37.8,Tomato
West,Inter-monsoon,161.83,19.07,76.7,26.36,6.91,6.88,48.0,43.5,30.4,Wheat
Borneo,Dry,48.08,28.62,66.06,45.53,8.84,6.63,47.7,27.7,63.0,Chili
Borneo,Dry,61.31,26.58,59.24,17.74,9.85,6.95,71.8,41.3,20.3,Maize
South,Dry,53.2,28.62,62.84,41.64,8.44,5.69,79.0,11.4,33.0,Chili
North,Dry,93.12,28.25,67.09,17.91,8.43,6.04,28.6,35.6,5.6,Soybean
North,Inter-monsoon,179.84,23.12,94.32,28.03,6.33,5.84,76.3,27.2,50.1,Maize
South,Wet,197.42,25.25,87.84,23.43,6.72,6.48,52.8,24.9,34.6,Rice
South,Inter-monsoon,119.73,32.84,70.84,55.99,3.94,5.76,82.1,38.2,65.3,Rice
North,Dry,107.0,30.17,67.84,20.61,10.05,7.22,21.3,24.5,35.0,Soybean
North,Dry,38.4,22.21,63.39,22.39,8.73,6.37,57.2,48.7,56.0,Chili
North,Inter-monsoon,83.07,27.74,74.99,26.04,6.46,6.44,34.1,41.2,45.1,Soybean
North,Inter-monsoon,165.52,30.41,85.13,52.53,8.18,6.27,58.4,36.9,68.7,Rice
North,Dry,56.74,23.06,54.26,28.59,9.11,6.05,27.4,5.0,28.6,Tomato
Borneo,Wet,155.88,28.66,95.09,43.63,4.81,6.37,79.3,23.4,41.0,Rice
South,Inter-monsoon,118.36,26.56,69.4,26.2,4.61,5.61,62.0,53.3,43.6,Maize
North,Inter-monsoon,178.58,26.08,62.5,19.18,7.81,5.77,71.5,17.2,53.9,Chili
West,Dry,32.89,27.72,72.39,19.11,8.13,5.99,70.1,39.2,62.0,Chili
South,Dry,61.0,26.07,51.88,16.94,9.72,6.15,58.9,38.7,63.9,Chili
South,Dry,45.01,25.46,64.89,20.3,8.68,5.26,81.5,33.9,41.9,Chili
North,Dry,45.67,23.94,59.7,32.15,7.01,6.08,42.4,36.6,25.5,Chili
North,Inter-monsoon,162.84,22.98,64.62,35.69,5.34,6.95,70.5,42.0,57.2,Soybean
East,Wet,96.35,25.31,89.68,50.94,6.04,6.23,29.5,41.0,51.4,Rice
North,Dry,7.5,27.59,55.01,34.0,9.72,5.36,34.4,42.6,13.3,Rice
North,Inter-monsoon,195.3,21.47,77.67,30.28,7.53,5.85,94.9,33.3,52.4,Rice
South,Wet,307.24,30.85,92.65,55.74,4.07,6.96,56.4,17.8,56.4,Rice
East,Wet,198.15,23.0,76.61,44.46,6.46,7.01,54.1,17.0,34.9,Rice
West,Wet,179.06,20.66,90.72,59.19,5.54,5.61,23.4,27.3,46.0,Rice
North,Wet,350.65,22.23,75.55,33.07,5.59,6.29,43.6,36.9,48.9,Rice
East,Wet,111.07,27.9,86.96,50.45,5.24,7.65,88.5,49.6,46.8,Rice
North,Inter-monsoon,131.18,25.65,77.73,52.25,6.39,6.72,76.0,39.5,40.1,Maize
East,Wet,301.94,24.25,98.23,45.76,5.98,6.05,62.6,41.6,53.1,Rice
Borneo,Inter-monsoon,81.63,28.24,68.68,14.99,7.66,6.81,55.0,27.6,62.3,Soybean
West,Wet,104.74,26.42,85.94,41.59,7.32,7.2,105.3,47.9,45.8,Soybean
Borneo,Inter-monsoon,139.55,29.67,95.5,29.75,7.42,8.04,57.6,29.3,50.3,Soybean
North,Wet,152.87,28.48,81.58,33.29,7.3,5.93,40.0,37.3,71.7,Soybean
North,Wet,151.65,22.59,84.47,42.75,6.09,7.76,72.1,26.7,38.9,Maize
Borneo,Dry,63.61,31.95,66.26,33.47,8.92,6.61,70.5,31.2,58.4,Wheat
East,Wet,335.93,27.51,63.14,56.41,6.83,5.88,71.5,27.5,39.8,Rice
North,Inter-monsoon,188.72,26.74,72.82,32.51,6.62,8.19,42.8,31.5,47.1,Rice
Borneo,Dry,114.6,30.9,51.47,5.0,8.81,6.62,41.0,40.6,53.7,Wheat
North,Inter-monsoon,18.87,31.45,71.6,30.93,7.93,5.89,50.7,27.1,26.4,Rice
East,Dry,62.6,34.94,48.12,23.11,8.92,6.79,45.6,37.9,30.4,Wheat
West,Dry,54.69,23.62,69.59,14.39,9.97,6.76,16.4,24.8,46.3,Tomato
Borneo,Dry,13.4,27.37,63.38,5.0,7.46,6.48,29.4,40.7,25.7,Soybean
East,Dry,65.61,27.48,63.47,38.99,7.92,5.64,48.5,45.4,50.4,Rice
North,Wet,323.39,24.34,84.89,53.45,4.24,5.72,80.3,29.3,60.5,Rice
West,Dry,2.34,27.57,65.21,22.31,9.52,5.57,80.8,32.4,29.6,Chili
West,Inter-monsoon,104.32,28.56,94.53,33.0,7.3,6.27,36.2,36.2,35.5,Soybean
South,Wet,138.44,28.68,76.13,59.61,5.76,6.7,35.7,44.9,20.2,Soybean
Borneo,Wet,266.28,26.55,87.48,47.04,4.91,5.69,86.3,28.8,31.7,Rice
Borneo,Wet,143.19,29.36,88.34,42.4,3.95,5.38,40.9,31.8,47.1,Rice
Borneo,Dry,51.4,21.75,62.33,31.91,8.04,7.19,41.0,24.5,45.1,Wheat
East,Dry,62.25,28.92,69.41,23.0,8.31,6.46,61.5,19.7,55.8,Chili
South,Wet,229.03,27.33,77.72,56.67,6.49,5.88,45.5,38.9,24.0,Rice
South,Dry,33.85,23.78,47.68,26.7,6.12,5.52,63.9,28.9,50.8,Chili
North,Wet,295.87,35.06,91.69,56.99,5.81,6.73,78.5,46.6,54.9,Rice
Borneo,Dry,26.82,28.11,75.1,35.82,7.06,6.26,61.6,29.4,66.6,Rice
East,Wet,303.07,25.26,65.24,63.57,6.23,5.62,61.5,41.3,41.7,Rice
North,Wet,185.25,29.6,97.25,39.26,2.85,6.62,66.1,48.5,71.9,Rice
West,Inter-monsoon,186.34,27.86,66.51,31.44,7.0,6.95,118.2,33.2,66.7,Soybean
North,Wet,260.55,22.21,67.13,40.2,6.77,7.2,66.7,35.8,38.5,Rice
North,Wet,240.39,26.28,81.45,25.71,5.09,6.91,31.9,18.9,44.8,Maize
South,Wet,222.08,24.66,81.9,46.78,5.89,6.92,48.0,28.5,51.5,Rice
East,Wet,133.11,29.12,76.42,44.02,3.56,6.22,39.3,30.7,52.6,Rice
Borneo,Inter-monsoon,84.88,32.83,58.97,16.84,6.3,6.31,62.1,29.3,46.4,Wheat
South,Wet,288.89,28.16,97.29,37.6,4.87,5.57,58.2,39.5,73.6,Rice
South,Wet,325.71,28.83,92.12,42.63,6.87,5.15,20.3,38.5,52.1,Rice
South,Inter-monsoon,191.22,30.02,70.45,26.5,6.36,6.35,72.0,21.4,11.6,Rice
Borneo,Inter-monsoon,99.46,27.35,72.12,27.96,7.3,5.72,72.8,58.1,42.4,Chili
Borneo,Inter-monsoon,88.65,28.28,85.39,31.3,5.21,5.71,52.6,41.9,52.7,Chili
North,Wet,269.6,23.9,92.21,59.37,6.8,6.57,20.1,36.8,37.2,Rice
Borneo,Wet,181.32,24.71,77.44,25.63,6.18,5.3,46.1,29.0,52.7,Rice
Borneo,Dry,69.82,24.73,39.69,6.33,8.29,6.56,51.5,16.4,41.6,Tomato
West,Inter-monsoon,130.45,22.13,84.75,39.15,7.73,6.71,40.0,45.3,26.5,Maize
Borneo,Inter-monsoon,164.95,24.27,83.74,49.78,6.79,6.08,60.9,10.2,62.0,Rice
East,Dry,21.19,28.25,51.11,21.26,7.69,7.55,46.8,36.9,47.8,Chili
West,Wet,246.16,29.07,95.37,47.23,4.9,5.65,62.0,22.6,47.3,Rice
East,Inter-monsoon,119.69,31.88,65.21,37.24,7.16,6.24,91.6,33.8,46.6,Rice
South,Dry,58.18,24.84,69.23,41.47,8.39,6.58,63.8,27.1,27.6,Tomato
East,Wet,206.22,24.77,67.43,64.2,6.32,7.38,64.0,42.1,47.1,Rice
South,Inter-monsoon,138.77,23.15,84.92,26.7,7.25,6.03,52.1,23.1,33.0,Soybean
South,Wet,283.95,27.44,78.95,34.24,5.85,6.39,96.3,19.3,57.1,Rice
East,Inter-monsoon,62.21,23.42,80.53,24.38,7.3,6.25,33.1,28.2,34.3,Maize
Borneo,Dry,75.66,25.78,72.59,27.43,8.76,6.35,33.5,24.4,52.5,Soybean
South,Dry,51.6,29.03,52.77,42.92,8.02,7.39,60.1,32.1,57.0,Wheat
East,Inter-monsoon,99.3,25.27,67.8,20.52,7.74,6.93,61.4,25.0,36.7,Maize
Borneo,Wet,238.82,25.43,94.87,22.22,5.54,5.38,47.6,14.6,38.5,Rice
South,Dry,85.29,24.1,65.07,22.51,8.04,6.79,59.1,43.0,54.2,Tomato
East,Dry,36.28,30.82,59.01,13.56,9.04,6.14,69.0,29.9,63.2,Chili
East,Inter-monsoon,154.63,33.46,74.11,31.25,6.09,5.92,36.6,13.3,47.4,Rice
North,Dry,110.19,27.61,63.95,22.58,6.64,6.8,89.2,16.8,39.6,Soybean
North,Dry,57.1,21.22,60.59,12.91,7.37,6.55,79.5,21.2,61.4,Wheat
West,Dry,81.55,25.05,64.5,21.02,11.91,6.68,41.6,39.2,53.6,Tomato
South,Wet,230.11,23.99,78.26,68.96,5.54,7.07,58.1,51.5,53.5,Rice
East,Wet,236.07,25.84,87.68,39.4,6.19,5.75,76.4,30.9,38.6,Rice
East,Dry,60.05,30.72,60.78,19.52,9.8,6.72,93.5,29.4,35.7,Wheat
North,Inter-monsoon,159.77,30.82,88.36,45.63,5.45,6.16,63.3,20.3,38.7,Rice
North,Wet,274.26,27.23,82.82,59.12,5.32,6.22,67.8,58.0,36.1,Rice
South,Wet,213.13,31.12,81.43,56.66,6.79,6.72,65.4,30.0,54.7,Rice
West,Dry,113.78,28.45,59.45,52.21,8.26,6.95,56.9,50.6,35.6,Soybean
North,Wet,211.67,21.54,88.73,50.2,6.84,6.83,83.7,22.1,43.0,Wheat
West,Inter-monsoon,162.88,21.99,66.87,48.17,6.59,5.38,71.6,22.3,28.2,Rice
South,Inter-monsoon,138.32,25.98,76.67,30.33,6.62,6.32,59.1,50.0,28.4,Soybean
East,Wet,335.7,29.33,93.25,36.65,4.74,6.42,51.3,29.9,32.8,Rice
North,Dry,104.55,25.54,52.0,10.99,8.16,7.02,82.2,51.8,26.2,Soybean
East,Inter-monsoon,197.6,30.36,80.47,20.19,6.15,6.23,23.9,29.0,56.6,Rice
West,Dry,127.14,32.3,64.65,29.03,6.28,6.66,69.3,44.4,54.5,Wheat
South,Wet,275.93,26.7,90.51,42.42,5.42,6.65,56.1,34.3,30.5,Rice
Borneo,Inter-monsoon,96.76,28.27,72.17,10.43,9.41,5.84,46.7,37.0,36.7,Chili
West,Dry,84.07,29.42,72.42,30.09,8.51,6.85,89.4,29.8,49.5,Soybean
Borneo,Dry,115.6,25.09,68.39,46.51,6.44,6.03,44.4,24.9,38.5,Soybean
South,Inter-monsoon,201.43,27.75,75.78,39.99,6.22,6.95,107.6,36.3,60.4,Rice
North,Wet,262.88,31.03,91.96,35.81,4.0,5.66,65.3,23.6,41.3,Rice
West,Wet,293.96,30.5,72.64,37.09,6.18,6.31,40.1,15.7,58.5,Rice
East,Inter-monsoon,103.38,29.34,67.78,51.16,7.11,7.29,73.3,37.4,49.6,Soybean
North,Wet,189.37,31.87,88.64,50.36,5.74,6.71,51.1,35.9,47.8,Rice
South,Wet,150.82,23.96,95.54,46.96,5.37,7.0,81.0,26.7,42.9,Soybean
South,Wet,190.83,29.23,88.16,58.69,5.16,5.53,64.7,9.5,44.7,Rice
West,Wet,126.19,30.16,86.52,38.17,5.97,5.79,76.9,32.7,62.6,Rice
West,Dry,9.96,27.45,75.82,26.56,6.86,5.53,39.8,43.5,34.2,Chili
Borneo,Wet,320.94,24.48,90.27,51.57,7.13,5.92,83.8,63.6,55.6,Rice
Borneo,Inter-monsoon,186.71,25.69,74.59,41.22,7.39,6.19,79.9,46.6,50.7,Rice
South,Inter-monsoon,163.73,34.34,76.78,45.86,7.89,6.75,27.0,30.3,21.0,Soybean
East,Dry,100.48,31.47,57.88,5.09,8.41,6.45,21.2,25.8,67.1,Wheat
West,Wet,229.21,27.96,85.76,36.05,5.22,5.45,91.6,45.5,41.6,Rice
North,Dry,65.81,31.84,63.16,14.8,7.9,5.03,52.8,50.7,21.6,Rice
East,Inter-monsoon,114.54,26.32,69.92,42.33,6.52,6.08,66.0,44.7,33.4,Soybean
South,Dry,60.3,26.82,59.8,34.67,9.46,6.45,92.7,38.9,69.6,Maize
South,Inter-monsoon,73.28,32.75,82.26,58.21,7.32,6.76,46.3,40.7,39.0,Wheat
East,Dry,100.94,31.71,63.81,22.66,8.95,5.88,79.0,26.4,47.8,Rice
Borneo,Wet,168.21,26.68,94.43,42.36,3.76,7.0,50.5,31.7,51.1,Soybean
Borneo,Dry,132.78,30.02,67.13,19.4,9.52,6.13,72.7,41.5,24.9,Wheat
West,Inter-monsoon,113.29,32.81,81.1,41.41,6.53,6.26,68.2,30.6,33.3,Rice
North,Inter-monsoon,241.64,20.35,73.41,45.9,7.53,6.61,75.1,52.8,56.5,Rice
East,Inter-monsoon,148.07,25.22,77.74,26.42,8.77,6.57,71.3,51.2,29.2,Maize
East,Wet,224.32,33.29,90.83,23.37,4.56,6.36,71.9,22.1,30.2,Rice
West,Dry,47.89,24.04,58.1,28.16,6.74,6.02,50.6,19.4,29.7,Chili
South,Wet,354.29,24.43,77.19,21.31,6.26,6.6,107.7,57.9,47.8,Maize
Borneo,Dry,88.36,33.29,83.14,28.18,8.23,5.42,81.1,5.0,54.7,Rice
Borneo,Wet,220.73,28.8,93.36,49.3,4.17,6.57,55.6,39.1,42.4,Rice
North,Wet,116.71,24.73,78.56,47.5,5.33,6.51,36.0,38.8,52.9,Maize
East,Wet,156.6,24.87,77.39,51.99,3.61,5.58,71.2,57.7,64.8,Rice
West,Dry,81.65,25.13,48.53,22.35,10.03,4.76,28.0,37.5,37.6,Maize
North,Dry,60.97,17.51,59.51,26.96,5.79,6.73,72.9,37.9,46.4,Wheat
West,Wet,245.88,28.58,78.49,61.33,5.6,5.8,83.0,27.7,69.5,Rice
East,Inter-monsoon,183.21,24.95,74.73,41.92,6.68,6.65,64.9,34.8,33.8,Rice
East,Dry,48.54,25.8,69.3,21.66,9.91,5.88,75.2,50.5,66.4,Chili
South,Wet,174.81,23.88,72.44,38.64,5.23,5.87,45.8,14.7,76.0,Rice
West,Inter-monsoon,69.82,33.42,79.99,32.82,5.44,4.63,68.4,29.5,62.0,Wheat
South,Wet,150.91,26.15,77.35,60.36,6.04,6.69,18.1,44.1,38.0,Soybean
West,Dry,98.22,28.23,52.9,23.66,9.64,5.76,45.5,48.5,38.2,Chili
South,Dry,125.13,25.64,69.53,19.38,7.03,6.25,42.2,35.4,33.4,Soybean
North,Inter-monsoon,161.88,26.84,78.07,60.78,6.97,6.63,60.3,37.8,39.6,Soybean
South,Wet,223.93,26.94,80.58,43.24,5.18,5.6,57.3,27.4,47.3,Rice
Borneo,Inter-monsoon,142.25,22.34,76.05,24.91,6.37,4.5,85.3,36.4,23.2,Maize
South,Dry,112.32,24.44,67.48,28.76,11.48,6.33,48.6,36.9,48.3,Soybean
East,Inter-monsoon,183.23,28.09,55.86,5.0,5.72,5.19,71.8,28.5,42.8,Rice
West,Wet,291.26,24.96,83.79,50.48,5.07,5.49,67.1,34.6,39.2,Rice
East,Inter-monsoon,149.02,25.47,81.81,58.81,5.8,7.07,27.5,25.5,44.1,Soybean
South,Wet,228.16,28.13,60.08,43.68,4.39,5.81,74.0,51.2,25.3,Rice
East,Dry,92.67,24.88,76.03,47.12,8.76,5.18,46.7,23.9,51.2,Rice
East,Inter-monsoon,83.25,24.49,66.33,12.81,7.46,7.0,68.2,24.7,49.1,Maize
West,Inter-monsoon,88.07,24.02,89.13,48.56,8.03,4.5,76.1,50.0,42.0,Chili
East,Wet,194.88,25.09,79.13,51.39,4.93,6.43,102.6,19.3,49.6,Rice
South,Wet,147.45,27.33,81.1,58.32,6.43,6.95,34.2,18.9,53.9,Soybean
North,Inter-monsoon,128.34,29.15,93.65,41.33,8.68,6.63,68.8,30.0,24.2,Soybean
East,Wet,199.46,24.6,97.04,73.39,7.34,6.61,76.2,17.4,57.5,Rice
South,Inter-monsoon,181.58,25.04,70.06,62.34,7.05,6.5,54.5,29.1,5.0,Rice
East,Wet,199.83,30.69,94.4,60.92,5.7,6.69,56.4,39.1,43.1,Rice
West,Wet,225.93,32.18,78.65,41.26,4.14,5.55,25.2,38.1,38.4,Rice
West,Inter-monsoon,172.53,19.24,78.53,12.88,8.2,5.87,46.3,40.2,62.8,Maize
North,Inter-monsoon,102.97,21.21,74.05,48.82,9.44,6.33,17.2,48.3,74.9,Wheat
East,Dry,75.63,24.95,44.44,21.57,8.35,6.98,88.8,32.6,43.7,Maize
East,Wet,206.78,30.94,88.65,32.43,5.93,5.99,67.2,53.0,29.7,Rice
North,Dry,74.69,23.72,55.09,19.45,7.3,7.26,54.3,47.0,42.7,Soybean
Borneo,Wet,255.92,27.09,99.63,52.47,5.67,5.08,43.1,41.5,67.4,Rice
South,Inter-monsoon,64.76,31.37,86.74,12.4,8.0,5.9,65.5,30.5,67.1,Chili
East,Inter-monsoon,211.44,27.31,72.26,23.15,8.7,5.49,59.6,32.5,65.8,Rice
Borneo,Dry,32.0,28.34,63.89,24.05,6.36,6.98,61.4,53.4,69.9,Soybean
North,Dry,59.64,26.02,75.44,8.59,7.47,5.81,53.8,37.3,27.2,Chili
North,Inter-monsoon,96.58,22.25,82.37,46.64,5.29,7.91,64.8,33.8,35.4,Maize
East,Wet,181.33,29.68,78.66,34.22,5.18,5.5,64.3,34.1,39.3,Rice
Borneo,Dry,75.12,24.36,50.44,23.0,8.77,5.64,61.4,27.9,28.8,Maize
Borneo,Dry,49.97,28.46,56.51,34.47,7.3,5.28,60.4,43.6,19.9,Chili
South,Dry,72.22,27.05,74.89,20.52,8.72,6.61,60.2,15.3,53.2,Soybean
West,Wet,162.04,27.93,75.29,37.49,4.32,6.76,36.6,40.7,56.6,Soybean
South,Dry,55.17,27.9,66.14,39.13,9.09,7.03,60.8,44.8,42.6,Wheat
West,Inter-monsoon,23.53,23.99,74.56,21.98,8.14,5.47,86.2,26.1,58.5,Rice
South,Inter-monsoon,165.76,26.16,69.86,38.98,7.63,6.87,33.1,57.2,43.9,Soybean
Borneo,Dry,62.63,28.18,61.32,24.02,10.9,5.85,65.9,31.2,46.0,Chili
Borneo,Inter-monsoon,154.86,34.11,88.18,19.56,7.7,7.78,78.2,36.3,36.3,Soybean
East,Dry,35.91,28.92,51.09,20.31,7.66,4.97,33.2,45.8,55.2,Chili
West,Inter-monsoon,133.12,25.18,64.61,32.1,7.95,6.68,68.0,27.4,57.8,Soybean
South,Inter-monsoon,147.18,27.37,83.94,45.27,6.02,4.75,38.9,31.1,50.5,Rice
North,Inter-monsoon,108.9,28.04,83.92,32.13,6.89,5.94,60.7,55.6,44.2,Soybean
West,Inter-monsoon,66.07,32.43,69.18,29.94,5.95,5.61,71.7,41.7,44.7,Maize
North,Inter-monsoon,77.84,28.25,69.42,49.97,9.4,5.7,51.8,34.5,59.1,Rice
North,Wet,216.92,28.26,88.51,58.32,7.5,7.05,63.1,28.9,48.1,Rice
West,Dry,98.76,29.24,48.24,23.59,8.96,6.13,9.0,51.2,32.0,Soybean
South,Wet,214.27,29.79,83.1,66.14,4.37,5.5,68.0,43.9,42.6,Rice
West,Inter-monsoon,71.97,32.65,65.46,44.41,7.11,6.55,72.0,45.0,37.6,Wheat
North,Wet,244.2,25.94,87.62,30.04,5.15,5.95,70.9,39.2,36.2,Rice
West,Dry,82.28,27.58,55.77,29.88,10.62,6.43,55.5,18.5,41.4,Soybean
West,Dry,38.12,28.48,54.36,9.55,9.29,5.92,53.5,32.2,31.9,Chili
West,Dry,99.01,27.73,66.23,33.86,9.67,6.27,35.2,33.1,40.1,Soybean
Borneo,Inter-monsoon,100.17,28.32,86.84,28.38,5.79,6.02,69.2,25.0,7.0,Soybean
North,Dry,7.66,24.76,64.15,23.34,10.47,6.2,57.9,28.6,52.3,Tomato
East,Wet,215.06,30.48,84.39,44.0,7.92,7.42,76.5,34.6,34.3,Rice
Borneo,Wet,301.67,25.65,88.09,74.43,6.57,5.43,43.6,35.8,47.5,Rice
East,Wet,313.75,27.36,72.85,48.88,5.66,6.75,70.0,13.8,59.6,Rice
East,Wet,311.67,30.8,85.01,34.46,4.87,6.94,84.3,35.7,23.8,Rice
West,Inter-monsoon,154.38,31.48,69.23,26.61,6.49,6.2,42.2,27.6,46.4,Soybean
North,Dry,60.06,27.05,55.85,36.65,9.21,6.59,53.5,18.6,38.5,Chili
East,Inter-monsoon,199.56,32.04,86.64,52.15,5.86,7.26,53.5,42.0,38.1,Rice
North,Dry,68.03,25.91,66.14,28.9,7.96,6.13,89.6,26.9,38.5,Maize
Borneo,Dry,90.72,26.08,36.51,33.53,7.78,6.25,33.8,15.7,14.5,Soybean
East,Dry,77.85,26.55,62.86,31.69,9.15,6.59,54.6,55.2,65.9,Soybean
Borneo,Wet,240.21,27.37,86.23,46.45,6.91,6.35,58.2,50.3,37.0,Rice
West,Dry,23.5,25.74,59.33,27.41,9.32,6.76,59.4,47.7,43.9,Tomato
North,Dry,73.56,21.86,61.02,27.52,8.78,5.7,37.2,34.0,40.5,Maize
West,Inter-monsoon,117.75,23.89,93.24,35.3,5.82,6.21,32.7,66.8,41.7,Rice
South,Wet,221.55,30.62,83.26,39.93,3.24,6.95,37.4,48.6,48.3,Rice
North,Inter-monsoon,101.73,26.13,77.25,31.02,7.11,7.02,92.6,44.6,13.0,Soybean
East,Wet,166.14,29.12,79.02,45.49,6.57,6.71,54.6,45.5,34.0,Soybean
West,Inter-monsoon,106.73,24.12,77.8,44.11,8.06,6.98,74.2,43.8,59.8,Soybean
Borneo,Dry,99.03,20.42,56.19,38.03,9.67,6.69,56.4,26.7,32.6,Wheat
East,Wet,223.11,29.63,81.23,59.49,4.97,6.9,48.0,34.1,56.5,Rice
East,Wet,204.91,29.54,83.62,64.66,5.03,6.23,37.4,30.7,12.7,Rice
East,Inter-monsoon,230.59,26.85,81.89,28.94,7.02,5.61,55.6,40.7,22.7,Rice
North,Wet,272.84,22.09,87.28,41.46,5.01,7.07,74.1,30.1,65.5,Rice
East,Wet,210.63,28.75,100.0,30.22,5.26,6.73,63.3,41.0,34.1,Rice
West,Wet,219.03,27.0,73.52,43.34,4.38,6.75,37.0,38.1,72.1,Rice
East,Inter-monsoon,54.49,26.04,71.03,35.96,6.74,4.99,84.3,28.1,46.2,Rice
East,Inter-monsoon,187.41,24.56,58.4,43.62,6.54,6.61,61.0,30.9,53.9,Rice
East,Dry,81.31,23.03,65.77,20.94,7.97,6.49,42.4,20.9,44.0,Maize
West,Dry,94.91,27.65,41.52,22.71,9.18,6.69,38.6,41.4,38.9,Soybean
East,Dry,51.05,31.88,64.71,34.58,7.03,6.98,27.1,41.8,36.0,Wheat
East,Inter-monsoon,201.22,28.73,74.74,28.16,6.28,6.32,60.5,55.9,73.5,Rice
East,Dry,67.53,29.69,87.75,10.81,10.06,6.85,47.1,21.1,58.5,Chili
Borneo,Inter-monsoon,57.48,23.28,81.02,34.35,7.25,6.4,44.8,39.7,66.6,Tomato
North,Dry,43.88,31.43,51.78,18.87,9.58,4.58,49.0,35.5,32.5,Chili
West,Inter-monsoon,209.18,28.71,78.5,33.95,8.04,7.03,71.3,18.8,51.9,Rice
Borneo,Wet,271.11,29.8,77.38,42.45,4.27,6.65,48.9,52.2,38.5,Rice
Borneo,Inter-monsoon,98.69,26.49,70.4,26.93,7.54,6.13,53.3,27.9,41.1,Soybean
North,Wet,133.75,27.49,82.28,53.79,4.66,6.82,113.7,44.1,28.7,Soybean
East,Dry,78.68,28.37,65.36,41.77,10.43,7.23,42.1,31.8,42.6,Soybean
North,Dry,97.0,24.09,49.09,33.91,10.71,5.28,84.3,24.7,45.8,Maize
South,Wet,242.24,28.44,92.36,63.25,5.83,7.08,62.3,42.5,5.5,Rice
Borneo,Inter-monsoon,213.92,27.85,84.02,58.95,5.19,5.44,70.4,36.5,46.2,Rice
North,Inter-monsoon,107.49,25.09,80.81,10.9,6.66,7.25,88.9,54.7,43.7,Soybean
Borneo,Inter-monsoon,110.96,26.81,58.3,24.98,6.48,6.12,61.0,22.6,53.7,Soybean
West,Inter-monsoon,109.71,25.86,75.22,29.12,7.55,6.43,59.4,33.8,39.2,Tomato
South,Inter-monsoon,75.38,30.33,82.65,50.42,7.67,6.28,58.5,52.3,40.1,Rice
Borneo,Inter-monsoon,175.96,23.6,81.96,30.23,6.35,5.58,68.2,34.4,70.4,Maize
North,Dry,115.81,28.23,60.7,29.52,7.68,6.35,77.1,30.1,73.7,Soybean
North,Inter-monsoon,220.56,21.77,59.68,25.63,7.07,5.86,43.6,29.4,49.8,Rice
West,Inter-monsoon,225.43,28.31,76.52,17.1,5.96,6.83,45.0,41.8,50.7,Soybean
South,Dry,72.16,29.55,60.64,29.2,9.27,5.66,20.1,33.6,43.3,Chili
South,Dry,74.65,24.7,53.87,29.54,7.01,6.44,68.7,40.6,27.3,Maize
West,Dry,101.51,32.55,72.85,25.42,10.33,5.68,76.8,54.2,81.3,Maize
North,Wet,140.62,23.52,87.58,38.76,4.71,6.88,80.5,31.1,41.9,Maize
South,Wet,180.09,29.5,84.9,59.92,4.65,5.76,74.2,39.8,69.8,Rice
Borneo,Inter-monsoon,134.47,26.7,97.42,44.28,6.33,7.2,58.9,20.7,51.7,Soybean
East,Wet,202.89,25.9,94.07,19.94,6.89,5.9,37.4,30.6,48.3,Rice
South,Wet,160.45,25.74,90.49,62.15,6.16,6.98,63.2,37.9,30.8,Soybean
North,Wet,171.3,27.49,67.9,41.91,4.24,6.26,61.9,42.0,50.7,Rice
North,Wet,88.91,28.52,85.83,35.43,5.65,6.59,46.0,40.4,45.0,Soybean
Borneo,Inter-monsoon,170.01,25.04,82.86,18.88,6.76,6.69,72.6,26.3,66.8,Soybean
Borneo,Dry,49.08,26.54,66.19,30.73,12.0,4.5,44.7,58.3,57.0,Chili
West,Inter-monsoon,99.39,23.38,71.05,31.4,7.08,6.2,46.2,5.0,52.2,Tomato
Borneo,Dry,12.57,27.82,57.4,18.18,8.13,6.51,73.8,36.4,62.2,Chili
North,Wet,263.81,22.16,84.01,45.58,5.51,5.88,105.5,27.9,54.6,Rice
Borneo,Inter-monsoon,132.68,25.03,87.23,14.75,6.02,5.9,71.6,22.6,34.8,Maize
West,Wet,220.05,27.93,90.28,47.42,3.96,6.75,22.3,52.8,23.4,Rice
North,Dry,37.7,23.39,51.68,12.62,9.28,6.59,72.0,23.9,29.5,Chili
West,Inter-monsoon,111.95,26.01,69.11,17.24,5.9,5.17,63.3,37.2,45.3,Maize
Borneo,Inter-monsoon,125.47,28.25,63.94,58.41,7.3,6.89,56.0,38.5,25.1,Soybean
South,Wet,213.86,26.55,83.43,60.25,6.03,6.81,27.1,16.6,49.7,Rice
West,Inter-monsoon,10.0,28.82,73.67,45.99,6.97,7.1,71.0,30.2,47.3,Rice
North,Dry,2.62,20.1,49.07,27.02,8.97,6.14,86.1,24.2,45.2,Wheat
West,Dry,82.34,24.8,64.13,17.34,8.61,7.1,45.7,30.1,36.6,Soybean
South,Inter-monsoon,83.33,23.57,81.58,36.12,7.18,5.77,50.0,30.5,26.8,Maize
North,Wet,251.44,22.85,87.13,37.01,5.51,7.25,64.9,63.8,39.2,Rice
North,Dry,104.43,23.01,41.44,30.7,8.03,5.9,75.2,50.3,35.8,Maize
North,Dry,56.04,22.08,68.41,28.23,9.85,6.74,68.6,41.7,23.2,Chili
South,Dry,61.05,28.53,59.21,32.97,6.58,6.57,45.2,30.7,49.1,Chili
South,Wet,208.73,29.9,84.83,39.91,5.28,6.35,30.5,31.1,78.4,Rice
North,Wet,125.04,29.82,96.88,49.06,5.96,6.77,74.0,37.5,68.5,Soybean
Borneo,Dry,94.11,29.72,60.16,9.87,8.49,6.23,80.9,38.7,28.9,Soybean
West,Inter-monsoon,102.86,24.74,82.74,48.73,4.35,7.59,43.1,31.6,39.7,Maize
South,Dry,44.27,28.8,70.88,39.01,9.48,4.88,64.9,37.1,43.8,Chili
East,Inter-monsoon,101.01,33.22,84.33,33.55,8.67,7.0,65.0,36.9,39.8,Wheat
South,Inter-monsoon,155.49,21.12,85.47,22.3,6.52,6.21,71.7,26.9,51.2,Maize
North,Wet,257.32,29.61,74.36,47.46,5.08,6.83,89.8,62.8,60.6,Rice
Borneo,Inter-monsoon,159.5,27.12,96.85,35.54,6.41,6.56,70.2,37.7,56.1,Soybean
West,Wet,333.64,26.47,87.34,34.85,3.95,6.2,68.9,29.9,65.4,Rice
East,Dry,45.21,27.23,71.56,9.9,7.14,6.28,26.0,38.0,45.2,Chili
North,Dry,88.65,30.21,46.68,8.86,6.85,7.47,71.8,45.4,43.0,Wheat
North,Dry,50.28,30.46,67.52,28.85,9.61,4.73,68.0,36.4,81.7,Chili
Borneo,Dry,81.91,23.58,65.67,37.95,10.43,6.1,68.0,28.8,35.8,Tomato
West,Wet,140.85,30.23,77.64,40.88,6.3,6.92,72.4,26.7,37.7,Wheat
East,Inter-monsoon,231.0,31.8,71.92,23.9,6.31,7.56,76.2,19.7,42.0,Rice
Borneo,Dry,62.07,29.8,63.54,32.64,7.62,5.97,106.9,43.5,41.0,Chili
West,Inter-monsoon,117.95,25.61,78.88,39.9,7.75,5.86,47.3,57.1,47.3,Maize
North,Wet,246.09,24.25,76.0,44.18,4.52,6.7,16.2,39.5,41.5,Rice
East,Inter-monsoon,77.71,26.89,76.09,38.59,6.33,6.36,52.9,29.2,78.3,Maize
West,Wet,149.29,25.45,99.28,49.9,4.68,7.28,31.5,26.2,65.1,Soybean
South,Dry,14.07,25.25,48.66,30.54,6.18,7.89,57.9,43.8,51.8,Maize
North,Wet,204.45,27.32,81.33,45.81,6.3,6.2,46.7,21.7,37.7,Rice
South,Inter-monsoon,92.89,26.83,79.8,24.27,8.47,7.18,61.4,38.1,53.1,Soybean
West,Wet,313.84,30.12,84.53,55.39,6.17,7.32,64.9,26.9,72.3,Rice
West,Wet,176.41,23.05,93.4,37.68,4.53,6.21,58.6,21.8,69.7,Soybean
East,Inter-monsoon,82.94,29.34,69.74,22.07,6.0,7.2,33.9,54.6,39.9,Soybean
East,Wet,175.01,36.0,73.63,53.2,2.85,5.64,62.9,26.3,56.1,Rice
East,Dry,38.61,26.89,64.67,24.87,7.78,5.75,67.2,33.9,23.1,Chili
Borneo,Inter-monsoon,233.5,30.61,81.07,31.19,6.57,6.01,30.6,24.4,34.1,Rice
Borneo,Wet,144.08,27.44,89.69,44.62,5.1,7.3,45.6,46.9,45.7,Soybean
Borneo,Inter-monsoon,136.06,24.36,65.67,28.99,6.16,6.6,69.0,38.6,44.3,Maize
North,Dry,68.91,30.33,77.78,23.63,7.42,5.34,36.5,44.5,54.5,Rice
Borneo,Wet,226.74,23.23,100.0,42.48,5.41,6.63,90.6,37.2,27.6,Rice
Borneo,Wet,218.39,30.12,77.02,47.07,5.19,5.96,69.3,47.1,61.7,Rice
South,Wet,245.16,35.87,84.14,38.82,5.92,6.02,61.7,36.5,33.5,Rice
West,Inter-monsoon,65.44,28.44,64.53,53.94,6.5,6.06,55.9,15.6,60.7,Rice
West,Inter-monsoon,160.54,25.76,64.37,34.65,6.57,6.61,56.2,22.5,54.8,Soybean
South,Wet,170.31,28.01,93.76,68.05,4.5,5.07,40.1,62.1,32.6,Rice
East,Inter-monsoon,194.18,26.72,79.78,29.25,7.23,5.56,64.7,52.1,41.8,Rice
North,Wet,231.58,22.67,86.92,51.13,4.96,6.08,82.3,58.8,44.2,Rice
East,Wet,144.01,30.43,91.99,31.34,5.32,5.53,31.3,31.6,58.3,Rice
West,Dry,74.23,25.25,43.76,39.97,7.63,6.98,51.6,47.7,31.1,Maize
Borneo,Dry,50.28,29.31,70.89,31.82,8.62,6.07,44.2,36.6,54.7,Chili
East,Dry,75.63,29.93,80.31,27.59,6.98,6.38,91.9,40.1,58.8,Soybean
Borneo,Dry,67.51,28.77,54.27,38.74,7.93,6.33,57.4,27.9,47.6,Rice
East,Inter-monsoon,14.28,26.49,75.19,18.08,5.45,7.55,59.0,51.8,12.7,Maize
West,Wet,200.58,22.58,68.13,39.57,5.11,7.75,71.2,39.5,50.5,Rice
Borneo,Dry,117.44,26.88,57.89,33.39,9.37,5.83,43.3,46.5,65.4,Maize
Borneo,Inter-monsoon,120.41,28.69,73.6,36.08,6.2,6.45,46.0,30.2,65.5,Soybean
West,Wet,158.52,31.51,86.71,27.82,5.67,6.03,61.4,23.0,47.6,Soybean
South,Inter-monsoon,26.76,24.36,74.25,22.25,7.77,7.37,47.7,45.8,25.0,Soybean
South,Wet,183.81,28.55,91.68,54.63,6.75,6.48,65.7,30.1,51.1,Rice
Borneo,Dry,68.6,25.41,51.42,16.35,8.4,5.43,35.2,41.8,41.7,Chili
West,Wet,297.11,27.4,72.66,37.41,4.36,5.58,88.4,12.7,31.4,Rice
South,Wet,299.43,24.56,83.09,51.37,6.77,7.71,64.1,29.2,25.6,Rice
Borneo,Dry,38.55,28.6,67.59,41.75,7.71,7.19,57.4,39.2,25.8,Chili
West,Wet,40.0,26.59,99.89,40.02,4.19,6.03,54.6,48.9,27.8,Rice
Borneo,Dry,58.29,33.88,54.06,26.74,7.43,7.63,47.9,35.7,52.7,Wheat
Borneo,Wet,243.84,27.1,73.7,53.45,5.27,6.16,78.6,28.7,56.8,Rice
North,Dry,68.16,21.58,65.0,29.34,8.5,5.3,62.9,38.9,32.7,Wheat
West,Inter-monsoon,133.59,27.82,84.59,37.82,6.75,6.83,49.1,55.5,42.0,Soybean
Borneo,Wet,318.29,23.6,80.22,42.73,4.81,5.45,30.3,46.3,27.7,Rice
Borneo,Wet,263.79,30.72,83.4,52.08,4.89,4.83,30.8,32.3,50.0,Rice
West,Inter-monsoon,85.67,32.51,84.66,21.39,6.9,6.67,54.6,46.4,30.5,Wheat
Borneo,Dry,92.63,21.66,47.75,5.0,7.03,8.22,25.1,31.7,40.9,Wheat
South,Dry,85.25,24.46,46.55,18.48,7.91,6.2,44.0,31.9,30.1,Maize
South,Dry,21.25,31.3,64.29,48.8,8.01,6.22,56.6,35.1,44.5,Rice
South,Inter-monsoon,81.41,22.25,75.47,28.96,8.55,4.93,71.5,37.8,50.6,Maize
East,Wet,330.18,23.89,77.4,44.42,5.05,6.33,42.5,32.8,60.5,Rice
Borneo,Inter-monsoon,67.03,30.01,77.21,27.78,7.19,5.39,42.6,58.3,58.4,Rice
East,Wet,240.45,28.06,71.33,24.56,5.04,5.82,80.9,40.5,35.6,Rice
Borneo,Dry,81.38,28.31,68.89,16.41,9.13,7.43,52.0,32.6,70.9,Soybean
South,Dry,62.33,27.69,75.71,5.0,8.36,6.47,54.7,27.4,45.3,Chili
West,Wet,261.17,26.38,87.84,53.78,4.04,6.96,58.8,24.6,27.1,Rice
North,Wet,246.29,24.47,76.94,42.89,5.07,8.42,20.4,38.3,29.0,Rice
West,Dry,107.22,25.93,60.2,35.47,7.38,5.95,42.9,16.2,33.6,Maize
South,Wet,276.91,29.06,95.46,38.36,3.73,6.55,77.5,38.2,55.2,Rice
Borneo,Dry,96.62,25.12,51.24,26.34,7.1,6.34,42.1,21.0,40.8,Tomato
East,Wet,198.02,23.92,86.69,38.63,5.99,5.72,42.9,30.5,45.5,Rice
Borneo,Inter-monsoon,81.85,25.43,93.24,39.48,8.78,6.13,80.7,21.5,61.2,Tomato
North,Dry,79.73,26.86,60.2,5.0,8.03,5.55,45.7,15.5,59.6,Maize
North,Dry,109.69,24.49,70.67,12.42,8.77,6.94,75.4,18.6,55.2,Maize
Borneo,Wet,144.33,31.41,74.64,52.32,5.55,6.44,46.8,30.8,53.4,Rice
Borneo,Inter-monsoon,97.09,27.63,90.3,16.74,7.24,7.24,46.1,34.8,28.6,Soybean
South,Wet,281.73,26.25,77.86,57.27,4.85,6.73,60.7,38.4,12.7,Rice
East,Wet,282.83,21.93,89.49,58.92,5.26,5.86,61.3,14.1,55.1,Rice
North,Wet,126.43,25.53,84.37,35.79,4.85,4.71,39.0,24.9,48.8,Maize
Borneo,Inter-monsoon,111.3,26.49,63.88,34.49,7.5,7.59,105.8,43.2,31.8,Maize
South,Wet,157.17,30.9,83.26,48.07,4.73,6.84,62.3,40.6,49.6,Soybean
North,Wet,208.58,29.88,85.53,40.21,4.04,5.79,40.9,32.9,55.3,Rice
South,Dry,43.59,27.39,53.96,31.51,8.12,7.09,51.0,39.5,44.6,Chili
West,Dry,109.52,26.29,53.05,31.27,7.29,6.52,60.8,28.0,56.6,Maize
North,Dry,94.55,25.28,69.32,33.33,9.19,6.24,45.4,24.0,52.9,Maize
North,Inter-monsoon,163.54,29.02,82.42,19.36,9.25,5.79,24.5,26.2,58.2,Chili
East,Inter-monsoon,120.25,30.02,61.58,33.16,6.85,6.46,65.8,31.5,33.6,Wheat
West,Wet,255.5,27.47,100.0,32.31,5.75,5.91,56.9,30.1,22.4,Rice
